location_id,location_name,address,city,state,zip_code,region,phone,manager,open_date,is_active,square_footage,employee_count
LOC-0001,Lincare AZ_City_2 #3,720 Main St,AZ_City_2,AZ,17113,Mid-Atlantic,(382) 457-2154,Thomas Rodriguez,2018-04-14,True,6662,30
LOC-0002,Lincare NJ_City_2 #4,2038 Cedar St,NJ_City_2,NJ,94072,Northeast,(937) 833-2036,Robert Williams,2016-01-17,True,2369,23
LOC-0003,Lincare VA_City_2 #1,4712 Health Dr,VA_City_2,VA,59992,West,(604) 876-1504,Nancy Garcia,2009-11-11,True,4703,39
LOC-0004,Lincare MA_City_3 #3,6213 Main Rd,MA_City_3,MA,82754,Southeast,(344) 326-1684,James Jackson,2017-09-04,True,2197,24
LOC-0005,Lincare KS_City_3 #3,3569 Elm Rd,KS_City_3,KS,28671,Mid-Atlantic,(364) 388-4617,Sarah Miller,2005-02-20,True,6147,8
LOC-0006,Lincare Erie #5,1298 Pine St,Erie,PA,42858,Mid-Atlantic,(300) 402-8982,Linda Lopez,2005-10-01,True,3421,11
LOC-0007,Lincare MA_City_3 #2,5306 Elm Dr,MA_City_3,MA,53036,Northeast,(831) 875-6008,David Jackson,2016-05-07,True,5008,15
LOC-0008,Lincare AL_City_2 #2,7245 Pine Blvd,AL_City_2,AL,27603,Southeast,(895) 950-6432,Nancy Anderson,2019-12-23,True,4002,36
LOC-0009,Lincare Philadelphia #5,1443 Health Blvd,Philadelphia,PA,28350,Southeast,(751) 401-5312,Michael Williams,2000-11-01,True,6674,6
LOC-0010,Lincare SC_City_3 #5,3585 Main Rd,SC_City_3,SC,44159,Southwest,(756) 752-8734,David Lopez,2017-08-09,True,7825,42
LOC-0011,Lincare WI_City_2 #4,8310 Cedar St,WI_City_2,WI,62007,Southeast,(572) 714-1173,Thomas Martin,2007-06-10,True,2649,33
LOC-0012,Lincare Aurora #5,2495 Market Dr,Aurora,IL,57028,West,(241) 424-8989,Thomas Williams,2011-11-10,True,1850,18
LOC-0013,Lincare OK_City_2 #4,7548 Main St,OK_City_2,OK,95003,Southwest,(531) 305-9542,Sarah Rodriguez,2007-10-19,True,4600,28
LOC-0014,Lincare SC_City_3 #1,8565 Pine Dr,SC_City_3,SC,39215,Pacific,(728) 615-6781,Elizabeth Thomas,2021-08-16,True,1554,37
LOC-0015,Lincare Columbus #2,1363 Cedar Blvd,Columbus,GA,37723,Southeast,(353) 391-3578,Elizabeth Martin,2005-04-22,True,4896,26
LOC-0016,Lincare WI_City_1 #4,7948 Oak Rd,WI_City_1,WI,31134,Southwest,(862) 620-1367,Thomas Johnson,2005-09-26,True,2819,13
LOC-0017,Lincare Fort Worth #5,2506 Main Ave,Fort Worth,TX,43850,Northeast,(384) 729-7642,James Martinez,2003-11-05,True,6468,35
LOC-0018,Lincare Raleigh #4,9944 Oak Rd,Raleigh,NC,33839,Southeast,(838) 875-9369,Sarah Garcia,2015-05-16,True,6386,42
LOC-0019,Lincare CO_City_1 #4,2266 Main St,CO_City_1,CO,36522,Southwest,(735) 716-7877,David Martin,2004-04-26,True,6536,43
LOC-0020,Lincare AR_City_3 #1,1626 Elm Ave,AR_City_3,AR,89098,West,(752) 201-8069,Lisa Wilson,2016-08-12,True,7215,38
LOC-0021,Lincare NJ_City_1 #4,6346 Pine Rd,NJ_City_1,NJ,85513,Pacific,(300) 635-3193,Sarah Thomas,2010-06-06,True,2186,23
LOC-0022,Lincare SD_City_3 #3,3196 Main St,SD_City_3,SD,85757,Southwest,(735) 320-9515,James Gonzalez,2009-03-19,True,4087,31
LOC-0023,Lincare MT_City_1 #4,9690 Pine Blvd,MT_City_1,MT,80268,Southeast,(633) 778-6990,Sarah Gonzalez,2009-02-19,True,7920,40
LOC-0024,Lincare Raleigh #5,9191 Elm Blvd,Raleigh,NC,50193,Midwest,(791) 552-7522,David Brown,2010-04-22,True,7228,15
LOC-0025,Lincare DE_City_1 #4,5644 Health Rd,DE_City_1,DE,90481,West,(913) 900-1852,Richard Gonzalez,2000-03-27,True,2690,35
LOC-0026,Lincare SD_City_2 #1,4410 Oak Blvd,SD_City_2,SD,20490,Northeast,(823) 238-7296,Maria Martin,2012-11-06,True,6394,8
LOC-0027,Lincare IN_City_3 #4,275 Oak Rd,IN_City_3,IN,47487,Southwest,(399) 234-9364,Lisa Davis,2007-08-08,True,4446,20
LOC-0028,Lincare UT_City_1 #1,4620 Health Dr,UT_City_1,UT,56285,Southeast,(885) 604-7642,Joseph Taylor,2000-09-08,True,2062,10
LOC-0029,Lincare Allentown #5,9650 Pine Blvd,Allentown,PA,46242,Mid-Atlantic,(431) 820-4187,Karen Gonzalez,2000-03-17,True,4835,37
LOC-0030,Lincare DE_City_3 #5,4921 Pine St,DE_City_3,DE,77277,Northeast,(463) 750-5098,Karen Gonzalez,2021-09-10,True,7705,26
LOC-0031,Lincare Yonkers #5,548 Elm St,Yonkers,NY,43792,Southwest,(269) 591-4610,Thomas Hernandez,2018-07-02,False,5731,39
LOC-0032,Lincare AL_City_3 #3,4167 Pine St,AL_City_3,AL,62288,Pacific,(889) 966-6603,Michael Moore,2008-01-03,True,4396,18
LOC-0033,Lincare RI_City_2 #2,8275 Market Ave,RI_City_2,RI,40783,Southeast,(953) 447-5348,Joseph Davis,2009-02-04,True,6567,27
LOC-0034,Lincare ID_City_1 #1,8171 Cedar St,ID_City_1,ID,80972,Northeast,(243) 693-7081,Linda Thomas,2012-04-28,True,7760,37
LOC-0035,Lincare MD_City_2 #5,2201 Main Rd,MD_City_2,MD,65466,Southeast,(689) 753-1533,Lisa Lopez,2017-08-29,True,7856,16
LOC-0036,Lincare New York #5,7637 Pine St,New York,NY,11549,Mid-Atlantic,(890) 415-7216,William Hernandez,2016-03-21,True,3627,16
LOC-0037,Lincare Allentown #3,7822 Cedar Blvd,Allentown,PA,57962,Southeast,(388) 710-7945,Joseph Wilson,2016-09-12,True,4781,22
LOC-0038,Lincare NM_City_1 #2,9535 Market Ave,NM_City_1,NM,23090,West,(938) 476-4863,Margaret Wilson,2017-01-31,True,7550,14
LOC-0039,Lincare Charlotte #4,8285 Oak Rd,Charlotte,NC,79990,Southeast,(937) 523-8972,Jennifer Rodriguez,2002-02-20,True,7156,15
LOC-0040,Lincare San Diego #3,7907 Health St,San Diego,CA,68963,Pacific,(962) 542-5256,Elizabeth Lopez,2011-07-24,True,4873,12
LOC-0041,Lincare MO_City_3 #2,9551 Cedar Rd,MO_City_3,MO,32877,West,(999) 491-6818,Linda Taylor,2021-11-13,True,5161,10
LOC-0042,Lincare NE_City_3 #4,2473 Health Ave,NE_City_3,NE,93962,Midwest,(545) 631-7631,Michael Williams,2007-04-08,True,4068,25
LOC-0043,Lincare UT_City_2 #3,6579 Pine Dr,UT_City_2,UT,57600,Mid-Atlantic,(965) 801-9535,Karen Wilson,2007-07-04,True,1689,13
LOC-0044,Lincare WI_City_1 #3,1411 Oak Ave,WI_City_1,WI,62041,Mid-Atlantic,(305) 297-2045,Nancy Moore,2002-05-31,True,4752,38
LOC-0045,Lincare CT_City_1 #5,2644 Main Dr,CT_City_1,CT,50549,Midwest,(434) 453-5655,Karen Jones,2005-11-20,True,2897,6
LOC-0046,Lincare AR_City_3 #3,7901 Elm Rd,AR_City_3,AR,45705,Midwest,(761) 655-3213,Margaret Garcia,2020-06-24,True,6708,41
LOC-0047,Lincare NJ_City_3 #5,5173 Pine Dr,NJ_City_3,NJ,80735,Mid-Atlantic,(432) 291-8239,Jennifer Lopez,2018-06-28,True,3986,5
LOC-0048,Lincare AL_City_3 #2,5734 Pine Dr,AL_City_3,AL,80136,Pacific,(208) 904-9059,Nancy Martinez,2000-05-29,True,3899,43
LOC-0049,Lincare KY_City_1 #3,3189 Elm Rd,KY_City_1,KY,67292,West,(604) 455-3675,Maria Gonzalez,2009-11-23,True,4958,45
LOC-0050,Lincare LA_City_3 #5,4554 Pine Rd,LA_City_3,LA,45235,Pacific,(622) 392-2121,Richard Jones,2012-12-27,True,5230,44
LOC-0051,Lincare NM_City_2 #5,8160 Oak Blvd,NM_City_2,NM,12542,Mid-Atlantic,(355) 250-9764,James Garcia,2004-08-02,True,2524,33
LOC-0052,Lincare WI_City_1 #1,2568 Main Dr,WI_City_1,WI,38467,Southeast,(550) 630-6104,Nancy Lopez,2020-10-19,True,1759,26
LOC-0053,Lincare CT_City_1 #3,6529 Main Rd,CT_City_1,CT,71623,Northeast,(385) 396-5097,Maria Smith,2005-06-21,False,7354,20
LOC-0054,Lincare NE_City_2 #1,3363 Elm St,NE_City_2,NE,78306,Southeast,(881) 413-8746,Maria Martinez,2014-06-29,True,7465,7
LOC-0055,Lincare WY_City_3 #1,4250 Elm Blvd,WY_City_3,WY,36047,West,(569) 253-4568,William Davis,2019-06-23,True,2871,22
LOC-0056,Lincare SC_City_1 #2,246 Main Rd,SC_City_1,SC,72294,Southwest,(904) 810-3539,Elizabeth Williams,2011-02-27,True,2248,44
LOC-0057,Lincare MS_City_3 #1,5924 Market Ave,MS_City_3,MS,80300,Northeast,(309) 328-8992,Thomas Hernandez,2015-07-31,True,5093,17
LOC-0058,Lincare AZ_City_3 #3,2307 Pine St,AZ_City_3,AZ,73609,Southwest,(923) 648-5828,Margaret Thomas,2008-07-06,True,5953,27
LOC-0059,Lincare MN_City_3 #3,9908 Health Rd,MN_City_3,MN,31016,Southwest,(270) 743-3539,Karen Martinez,2011-10-24,True,5219,5
LOC-0060,Lincare Fort Worth #2,406 Cedar Blvd,Fort Worth,TX,91290,Southwest,(444) 528-2037,Margaret Gonzalez,2008-07-07,True,5575,40
LOC-0061,Lincare ID_City_3 #3,6814 Market Blvd,ID_City_3,ID,24478,Midwest,(298) 735-2092,Robert Jones,2008-01-05,True,3155,11
LOC-0062,Lincare ND_City_1 #1,9455 Market Dr,ND_City_1,ND,96235,Northeast,(701) 738-5193,Robert Lopez,2009-11-25,True,2080,5
LOC-0063,Lincare KS_City_3 #1,7768 Health St,KS_City_3,KS,57307,Southwest,(771) 961-7814,Elizabeth Johnson,2011-12-04,True,7515,9
LOC-0064,Lincare Detroit #5,1691 Main Ave,Detroit,MI,79685,Southeast,(594) 394-4164,Lisa Davis,2008-01-10,True,6072,31
LOC-0065,Lincare WY_City_1 #5,5964 Market Dr,WY_City_1,WY,97194,Pacific,(637) 306-3733,Richard Moore,2018-01-05,True,6886,15
LOC-0066,Lincare OR_City_3 #3,5263 Cedar Blvd,OR_City_3,OR,58722,Southwest,(622) 982-8054,Linda Martin,2010-10-18,True,3252,29
LOC-0067,Lincare Scranton #3,7512 Elm Dr,Scranton,PA,10025,Midwest,(943) 235-5660,James Taylor,2006-01-22,False,3972,5
LOC-0068,Lincare Grand Rapids #3,455 Health Blvd,Grand Rapids,MI,82569,Southeast,(723) 769-3534,William Johnson,2020-08-25,True,2633,21
LOC-0069,Lincare MT_City_3 #2,4298 Health Blvd,MT_City_3,MT,22046,Southeast,(784) 609-4562,Michael Hernandez,2021-08-23,True,7149,41
LOC-0070,Lincare DE_City_3 #3,712 Market Rd,DE_City_3,DE,60010,Mid-Atlantic,(280) 998-1916,Linda Lopez,2019-06-25,True,2487,19
LOC-0071,Lincare WY_City_3 #5,287 Market Dr,WY_City_3,WY,17094,Pacific,(512) 736-1674,Linda Moore,2006-09-16,True,7216,19
LOC-0072,Lincare ID_City_1 #4,7400 Health Rd,ID_City_1,ID,85399,Mid-Atlantic,(716) 292-4638,Susan Martinez,2017-09-08,True,4253,10
LOC-0073,Lincare Winston-Salem #1,9080 Elm Blvd,Winston-Salem,NC,21151,Mid-Atlantic,(608) 713-8118,David Jones,2021-07-28,True,5496,30
LOC-0074,Lincare UT_City_3 #5,8689 Oak Ave,UT_City_3,UT,19390,Southeast,(472) 995-8046,Linda Jackson,2004-01-07,True,4888,32
LOC-0075,Lincare MT_City_2 #3,5744 Cedar St,MT_City_2,MT,49953,Southeast,(373) 558-8245,David Anderson,2002-01-05,True,3412,17
LOC-0076,Lincare VA_City_2 #1,1941 Market St,VA_City_2,VA,41856,Southeast,(835) 351-5713,James Hernandez,2004-12-28,True,5359,6
LOC-0077,Lincare MS_City_1 #5,3571 Oak Rd,MS_City_1,MS,78585,Mid-Atlantic,(968) 464-9991,Nancy Martin,2006-05-04,True,6974,6
LOC-0078,Lincare NE_City_3 #5,812 Pine Ave,NE_City_3,NE,17878,Mid-Atlantic,(490) 405-5444,Robert Anderson,2000-05-16,True,6909,22
LOC-0079,Lincare VT_City_3 #1,412 Pine Dr,VT_City_3,VT,40299,Midwest,(589) 720-2631,Linda Thomas,2003-12-13,True,5601,34
LOC-0080,Lincare Scranton #1,4153 Cedar Blvd,Scranton,PA,53721,Northeast,(701) 602-3572,James Lopez,2015-10-14,True,3976,20
LOC-0081,Lincare Cincinnati #1,4321 Elm St,Cincinnati,OH,82737,Pacific,(486) 430-3485,Linda Gonzalez,2006-02-26,True,4631,38
LOC-0082,Lincare VA_City_3 #2,6937 Oak Rd,VA_City_3,VA,30021,Pacific,(636) 519-6395,Karen Moore,2005-11-28,True,2635,42
LOC-0083,Lincare OR_City_3 #2,2362 Pine Rd,OR_City_3,OR,27727,Pacific,(640) 988-3378,Richard Hernandez,2003-01-16,True,7393,12
LOC-0084,Lincare IN_City_2 #2,583 Health Blvd,IN_City_2,IN,64269,Pacific,(621) 510-8258,Sarah Jones,2008-06-06,True,3013,6
LOC-0085,Lincare TN_City_3 #5,9390 Cedar Ave,TN_City_3,TN,88166,Midwest,(437) 436-1427,Elizabeth Williams,2021-05-18,True,6453,35
LOC-0086,Lincare WV_City_3 #2,6448 Elm Dr,WV_City_3,WV,28024,Midwest,(367) 397-4707,Robert Wilson,2000-09-02,True,4883,19
LOC-0087,Lincare WY_City_3 #2,1183 Oak Dr,WY_City_3,WY,90879,Southeast,(701) 904-6323,Karen Davis,2019-03-07,True,1842,43
LOC-0088,Lincare WY_City_2 #3,6557 Cedar Rd,WY_City_2,WY,87831,Mid-Atlantic,(749) 737-1630,Lisa Brown,2020-04-04,True,1847,20
LOC-0089,Lincare OK_City_3 #1,9237 Elm Rd,OK_City_3,OK,92660,Southwest,(250) 394-5770,Karen Gonzalez,2013-08-29,True,3842,34
LOC-0090,Lincare Rockford #5,993 Market Rd,Rockford,IL,28643,Midwest,(674) 861-8400,Michael Taylor,2005-01-28,True,6295,39
LOC-0091,Lincare Columbus #3,7487 Main Ave,Columbus,GA,69464,Southwest,(804) 929-4308,Karen Williams,2011-03-21,True,6813,15
LOC-0092,Lincare WV_City_3 #1,1970 Market Dr,WV_City_3,WV,93109,Northeast,(571) 287-9582,Maria Taylor,2007-03-04,True,4617,7
LOC-0093,Lincare Naperville #2,2756 Health Ave,Naperville,IL,33444,West,(987) 929-1840,Susan Martinez,2013-11-19,True,5155,23
LOC-0094,Lincare Dallas #2,3423 Main Rd,Dallas,TX,43175,Northeast,(212) 669-9153,Nancy Moore,2000-04-04,True,5542,20
LOC-0095,Lincare KS_City_3 #4,7534 Elm Dr,KS_City_3,KS,20407,Mid-Atlantic,(815) 814-1107,Thomas Moore,2012-06-22,True,6067,18
LOC-0096,Lincare San Diego #1,5818 Main Ave,San Diego,CA,14250,Southeast,(883) 791-5889,Linda Williams,2002-03-14,True,2960,15
LOC-0097,Lincare VA_City_2 #5,9476 Health Rd,VA_City_2,VA,33254,West,(666) 967-6901,Robert Williams,2013-06-04,True,4604,9
LOC-0098,Lincare NJ_City_3 #3,7813 Oak St,NJ_City_3,NJ,45968,Northeast,(537) 739-7779,Lisa Miller,2009-05-18,True,2395,41
LOC-0099,Lincare WI_City_3 #1,8024 Market Rd,WI_City_3,WI,47642,West,(637) 823-6185,Sarah Taylor,2015-11-15,True,6532,41
LOC-0100,Lincare ND_City_3 #4,8169 Health Ave,ND_City_3,ND,89876,Mid-Atlantic,(438) 925-5759,Joseph Smith,2005-04-20,True,6623,12
LOC-0101,Lincare WY_City_1 #5,6893 Elm St,WY_City_1,WY,53750,Pacific,(558) 773-4478,James Miller,2012-08-19,True,2055,24
LOC-0102,Lincare Lansing #3,200 Main Blvd,Lansing,MI,54742,West,(605) 941-1477,Richard Miller,2014-10-29,True,7008,35
LOC-0103,Lincare Charlotte #2,7988 Oak Dr,Charlotte,NC,80381,Mid-Atlantic,(543) 673-7782,Robert Taylor,2013-06-05,True,7055,25
LOC-0104,Lincare Reading #2,9560 Market Blvd,Reading,PA,56346,Northeast,(267) 352-5595,James Hernandez,2016-10-30,True,2859,41
LOC-0105,Lincare SD_City_2 #5,2014 Health Blvd,SD_City_2,SD,51222,Southeast,(926) 232-5448,Susan Williams,2022-04-18,True,4544,33
LOC-0106,Lincare Grand Rapids #3,2967 Main Blvd,Grand Rapids,MI,14901,West,(996) 406-2517,Karen Taylor,2001-02-12,True,5596,14
LOC-0107,Lincare IA_City_2 #5,5184 Health Blvd,IA_City_2,IA,28781,Southwest,(987) 300-9456,David Miller,2001-08-21,True,7346,38
LOC-0108,Lincare Tampa #1,9836 Health St,Tampa,FL,53684,Midwest,(678) 247-2689,Lisa Martinez,2001-01-03,True,4057,45
LOC-0109,Lincare KS_City_2 #2,4795 Pine Rd,KS_City_2,KS,51831,Southeast,(991) 651-2927,Sarah Jones,2007-01-24,True,1624,44
LOC-0110,Lincare Reading #2,8988 Pine Rd,Reading,PA,51744,Northeast,(477) 344-5641,Thomas Garcia,2003-03-13,True,4274,39
LOC-0111,Lincare NM_City_1 #1,7812 Market St,NM_City_1,NM,23884,Southeast,(592) 255-2410,Susan Gonzalez,2008-01-11,True,6355,45
LOC-0112,Lincare WA_City_3 #5,5926 Pine Blvd,WA_City_3,WA,35971,Southwest,(930) 976-9740,Michael Anderson,2005-11-29,True,7222,34
LOC-0113,Lincare DE_City_2 #4,7809 Oak Ave,DE_City_2,DE,28837,Midwest,(831) 464-6954,Maria Garcia,2014-10-26,True,4160,34
LOC-0114,Lincare ND_City_1 #4,1949 Pine Dr,ND_City_1,ND,70455,Northeast,(374) 489-6711,David Taylor,2004-08-13,True,7351,11
LOC-0115,Lincare MN_City_3 #1,5049 Cedar Dr,MN_City_3,MN,62535,Mid-Atlantic,(804) 623-4908,Thomas Moore,2007-02-18,False,4644,9
LOC-0116,Lincare MS_City_1 #5,7163 Health Dr,MS_City_1,MS,84345,Pacific,(550) 757-4869,Richard Williams,2021-10-29,True,6383,34
LOC-0117,Lincare MN_City_3 #4,2986 Pine Dr,MN_City_3,MN,19123,Northeast,(812) 311-7208,Linda Thomas,2002-10-04,True,2638,42
LOC-0118,Lincare Plano #2,2544 Elm Rd,Plano,TX,48207,Northeast,(599) 830-8326,Joseph Miller,2014-03-15,True,7066,24
LOC-0119,Lincare NJ_City_3 #1,9647 Main Rd,NJ_City_3,NJ,76902,Midwest,(613) 330-5819,Robert Lopez,2002-05-20,True,6087,27
LOC-0120,Lincare Sarasota #1,3954 Elm Rd,Sarasota,FL,61677,Midwest,(840) 525-7271,Maria Gonzalez,2019-07-10,True,6927,16
LOC-0121,Lincare Raleigh #5,6401 Health Blvd,Raleigh,NC,64687,Southeast,(357) 495-3056,David Smith,2003-03-21,True,2679,36
LOC-0122,Lincare VT_City_2 #1,2348 Market Dr,VT_City_2,VT,69772,Southeast,(912) 818-7974,Richard Anderson,2022-11-07,True,5186,29
LOC-0123,Lincare MO_City_1 #4,221 Cedar Dr,MO_City_1,MO,41031,Southeast,(929) 713-5411,Susan Moore,2016-06-17,True,1810,41
LOC-0124,Lincare Fayetteville #1,9607 Elm St,Fayetteville,NC,28623,Midwest,(947) 948-9624,Sarah Anderson,2003-07-05,True,6497,10
LOC-0125,Lincare LA_City_2 #1,8934 Health Rd,LA_City_2,LA,50959,Mid-Atlantic,(827) 254-6628,Margaret Smith,2021-01-11,True,5343,41
LOC-0126,Lincare WI_City_2 #3,4927 Pine Ave,WI_City_2,WI,14630,Southwest,(911) 811-5981,Sarah Johnson,2021-03-23,True,6192,8
LOC-0127,Lincare VT_City_2 #5,547 Pine Dr,VT_City_2,VT,20814,Pacific,(329) 717-2259,Sarah Rodriguez,2005-12-11,True,3754,21
LOC-0128,Lincare AL_City_3 #5,2960 Cedar Ave,AL_City_3,AL,96396,Northeast,(657) 578-3873,Sarah Davis,2021-10-01,True,5820,7
LOC-0129,Lincare MS_City_1 #5,2625 Health Dr,MS_City_1,MS,64125,Southeast,(988) 592-4898,Karen Garcia,2009-06-16,True,4326,8
LOC-0130,Lincare UT_City_2 #1,960 Oak Dr,UT_City_2,UT,62264,Pacific,(687) 508-8803,Margaret Davis,2017-01-13,True,4695,35
LOC-0131,Lincare ME_City_1 #4,294 Pine Dr,ME_City_1,ME,60070,West,(894) 523-9687,Robert Brown,2015-11-15,False,5037,44
LOC-0132,Lincare UT_City_2 #3,4475 Health St,UT_City_2,UT,43468,Midwest,(870) 798-7408,Karen Davis,2008-09-28,True,7051,16
LOC-0133,Lincare MN_City_3 #1,1213 Main Dr,MN_City_3,MN,22805,Northeast,(737) 306-8306,Elizabeth Davis,2012-09-15,True,1778,6
LOC-0134,Lincare TN_City_1 #5,3652 Cedar St,TN_City_1,TN,25725,Northeast,(288) 819-3128,Maria Jackson,2008-04-15,True,7198,16
LOC-0135,Lincare ME_City_2 #1,7529 Pine Dr,ME_City_2,ME,97500,Southwest,(988) 988-6298,Sarah Garcia,2003-04-27,True,2011,29
LOC-0136,Lincare NE_City_2 #3,4436 Oak Dr,NE_City_2,NE,19096,Northeast,(703) 405-7432,Richard Thomas,2004-11-11,True,7797,32
LOC-0137,Lincare KS_City_3 #1,7334 Market Blvd,KS_City_3,KS,23538,Mid-Atlantic,(235) 274-2153,Sarah Anderson,2000-11-03,True,2719,45
LOC-0138,Lincare AL_City_1 #4,4465 Oak Blvd,AL_City_1,AL,61292,Mid-Atlantic,(788) 203-9444,Nancy Thomas,2019-07-24,True,7461,9
LOC-0139,Lincare OR_City_1 #4,7998 Main Rd,OR_City_1,OR,80163,Northeast,(567) 541-5961,Maria Johnson,2004-01-25,True,4285,10
LOC-0140,Lincare Rochester #2,2993 Cedar St,Rochester,NY,60353,Mid-Atlantic,(876) 395-5896,Maria Brown,2016-02-12,True,6683,33
LOC-0141,Lincare WY_City_1 #1,3263 Main Rd,WY_City_1,WY,41258,Southeast,(700) 598-2032,Margaret Martinez,2022-05-31,True,5180,6
LOC-0142,Lincare AR_City_2 #3,801 Elm St,AR_City_2,AR,37745,Northeast,(869) 883-9570,Karen Moore,2006-09-06,True,3408,9
LOC-0143,Lincare AR_City_3 #4,412 Elm Rd,AR_City_3,AR,16003,Southeast,(448) 918-3138,James Garcia,2002-03-29,True,2297,34
LOC-0144,Lincare TN_City_1 #5,1147 Health St,TN_City_1,TN,24965,Pacific,(709) 809-4613,Michael Miller,2019-02-13,True,7545,30
LOC-0145,Lincare MN_City_1 #5,9043 Oak Blvd,MN_City_1,MN,37948,Mid-Atlantic,(982) 246-3841,Linda Williams,2005-06-01,True,7705,31
LOC-0146,Lincare Springfield #5,2803 Elm Ave,Springfield,IL,86282,Midwest,(241) 336-2637,Maria Garcia,2000-09-13,True,2161,5
LOC-0147,Lincare AL_City_1 #5,4748 Elm Dr,AL_City_1,AL,26632,Northeast,(411) 346-5439,Lisa Anderson,2018-06-25,True,2929,44
LOC-0148,Lincare WA_City_1 #2,8290 Cedar St,WA_City_1,WA,92207,West,(508) 556-7861,James Moore,2010-07-27,True,5843,11
LOC-0149,Lincare TN_City_2 #5,8415 Oak Dr,TN_City_2,TN,92111,Pacific,(875) 413-5528,Robert Miller,2005-01-20,True,7113,35
LOC-0150,Lincare ND_City_1 #1,985 Market Blvd,ND_City_1,ND,47363,Southeast,(414) 645-5118,Linda Martin,2020-04-29,True,7565,8
LOC-0151,Lincare OR_City_1 #1,8047 Cedar St,OR_City_1,OR,19287,Southeast,(440) 938-8287,Linda Wilson,2008-11-30,True,4168,19
LOC-0152,Lincare Miami #1,3984 Market Dr,Miami,FL,36208,Southeast,(584) 425-2204,Nancy Jackson,2021-09-23,True,5070,14
LOC-0153,Lincare KS_City_3 #2,6446 Pine Ave,KS_City_3,KS,69996,Southwest,(937) 398-6875,Sarah Miller,2015-01-25,True,7170,41
LOC-0154,Lincare San Jose #1,7727 Elm Dr,San Jose,CA,32439,Southeast,(978) 551-4602,Jennifer Martin,2007-01-12,True,6726,44
LOC-0155,Lincare Joliet #2,1516 Elm Rd,Joliet,IL,74122,West,(421) 805-8757,Karen Rodriguez,2000-08-25,True,7530,20
LOC-0156,Lincare LA_City_2 #5,3743 Cedar Ave,LA_City_2,LA,85196,Southwest,(205) 627-1724,Robert Thomas,2022-08-14,True,5850,30
LOC-0157,Lincare Fayetteville #1,7512 Elm Ave,Fayetteville,NC,20890,Pacific,(771) 971-1203,Susan Miller,2005-12-14,True,3458,10
LOC-0158,Lincare AZ_City_2 #3,2750 Market Dr,AZ_City_2,AZ,84760,Mid-Atlantic,(965) 797-1399,Karen Anderson,2006-03-21,True,4820,16
LOC-0159,Lincare MT_City_3 #1,1258 Elm Blvd,MT_City_3,MT,79588,Southwest,(233) 503-7977,Sarah Martin,2009-04-16,True,2163,44
LOC-0160,Lincare MS_City_3 #5,6063 Main St,MS_City_3,MS,60194,Northeast,(574) 676-1669,Elizabeth Lopez,2007-11-11,True,7274,9
LOC-0161,Lincare Scranton #2,2367 Pine Ave,Scranton,PA,80730,Pacific,(316) 864-8839,Joseph Davis,2014-05-17,True,3690,37
LOC-0162,Lincare VA_City_2 #1,1138 Pine Blvd,VA_City_2,VA,69298,Midwest,(697) 713-9629,William Thomas,2013-02-09,True,4515,9
LOC-0163,Lincare IA_City_2 #1,6500 Oak Blvd,IA_City_2,IA,20085,Northeast,(311) 368-5521,William Jones,2022-04-06,True,3173,38
LOC-0164,Lincare Houston #4,8970 Oak Dr,Houston,TX,55442,Midwest,(630) 654-1351,Jennifer Miller,2002-10-28,True,3403,38
LOC-0165,Lincare UT_City_2 #5,5716 Market Blvd,UT_City_2,UT,73720,Southwest,(807) 881-9686,Margaret Anderson,2020-07-17,True,2580,24
LOC-0166,Lincare Naperville #4,6193 Pine St,Naperville,IL,29443,Southeast,(561) 491-8469,Richard Martin,2007-03-19,True,3836,16
LOC-0167,Lincare IN_City_3 #2,2741 Oak St,IN_City_3,IN,15393,Mid-Atlantic,(524) 788-3072,Karen Rodriguez,2016-07-31,True,6107,7
LOC-0168,Lincare VT_City_2 #2,6209 Elm Rd,VT_City_2,VT,31311,Midwest,(746) 508-2990,James Gonzalez,2022-05-27,True,5252,25
LOC-0169,Lincare ID_City_1 #5,8413 Pine Blvd,ID_City_1,ID,72116,Mid-Atlantic,(496) 972-3409,Karen Hernandez,2005-01-14,True,1828,13
LOC-0170,Lincare VA_City_3 #3,506 Elm Rd,VA_City_3,VA,38883,Northeast,(656) 565-2515,Linda Johnson,2008-10-02,True,3319,22
LOC-0171,Lincare IA_City_1 #5,7398 Market St,IA_City_1,IA,77081,Northeast,(603) 399-9035,Linda Martin,2022-12-12,True,6962,28
LOC-0172,Lincare NV_City_1 #4,6156 Elm Blvd,NV_City_1,NV,11597,Mid-Atlantic,(491) 553-6756,Jennifer Anderson,2003-12-06,True,5139,31
LOC-0173,Lincare NM_City_2 #4,6886 Oak Rd,NM_City_2,NM,88372,Southeast,(288) 347-4404,Jennifer Thomas,2015-01-17,True,6338,29
LOC-0174,Lincare CT_City_1 #3,6891 Oak Rd,CT_City_1,CT,70570,Southwest,(927) 781-3243,Joseph Garcia,2017-02-14,True,5518,7
LOC-0175,Lincare Lansing #4,9263 Market Dr,Lansing,MI,39428,Midwest,(227) 202-3523,Sarah Martinez,2021-03-13,True,6955,23
LOC-0176,Lincare NH_City_1 #2,566 Main Blvd,NH_City_1,NH,74625,Southwest,(268) 813-6927,Nancy Jackson,2019-07-24,True,6644,35
LOC-0177,Lincare WA_City_1 #5,9525 Main Blvd,WA_City_1,WA,31344,Midwest,(795) 259-3394,Linda Anderson,2006-01-28,True,1933,22
LOC-0178,Lincare MT_City_2 #3,898 Pine Blvd,MT_City_2,MT,79417,Mid-Atlantic,(854) 278-9419,Joseph Garcia,2004-03-28,True,2869,39
LOC-0179,Lincare MN_City_2 #3,4547 Market Blvd,MN_City_2,MN,22561,Pacific,(747) 793-6761,David Smith,2006-02-21,True,4555,36
LOC-0180,Lincare NH_City_2 #1,3669 Oak Rd,NH_City_2,NH,38981,Southeast,(392) 772-9612,Margaret Moore,2005-02-10,True,2125,12
LOC-0181,Lincare Atlanta #3,5204 Market Blvd,Atlanta,GA,28220,Southwest,(652) 811-9570,Linda Garcia,2013-08-31,True,2471,19
LOC-0182,Lincare Athens #2,5136 Oak Ave,Athens,GA,27067,Southeast,(280) 635-2830,Michael Smith,2021-09-21,True,1848,17
LOC-0183,Lincare DE_City_1 #5,9818 Main Dr,DE_City_1,DE,25587,Pacific,(459) 244-2085,Jennifer Smith,2004-04-30,True,6429,18
LOC-0184,Lincare SC_City_1 #3,579 Main Ave,SC_City_1,SC,46356,Southeast,(793) 556-6770,Richard Taylor,2010-11-06,True,2059,11
LOC-0185,Lincare SC_City_1 #2,3238 Pine Ave,SC_City_1,SC,80402,West,(204) 942-2616,Joseph Taylor,2021-04-17,True,6328,16
LOC-0186,Lincare NM_City_3 #2,5913 Elm Dr,NM_City_3,NM,38085,Northeast,(726) 433-7677,William Hernandez,2005-07-18,True,5757,13
LOC-0187,Lincare ND_City_2 #3,9228 Market St,ND_City_2,ND,20780,Mid-Atlantic,(535) 705-2895,Maria Martinez,2020-06-30,True,4055,33
LOC-0188,Lincare KY_City_3 #3,7111 Oak St,KY_City_3,KY,72347,Southwest,(895) 576-3937,James Thomas,2004-09-19,True,5781,10
LOC-0189,Lincare Orlando #4,9775 Main Ave,Orlando,FL,18481,Southwest,(572) 403-6548,Joseph Martin,2018-02-18,True,4979,36
LOC-0190,Lincare MD_City_3 #5,9826 Pine Dr,MD_City_3,MD,56674,Pacific,(687) 882-7626,Nancy Taylor,2012-07-05,True,5224,11
LOC-0191,Lincare Miami #4,3881 Market Ave,Miami,FL,13895,Southwest,(301) 955-1865,Michael Thomas,2001-03-14,False,4634,43
LOC-0192,Lincare VA_City_2 #3,1678 Health St,VA_City_2,VA,96649,Southeast,(969) 732-9064,Karen Miller,2013-03-02,True,5516,37
LOC-0193,Lincare ME_City_3 #5,9055 Main St,ME_City_3,ME,66414,Midwest,(321) 592-8374,Linda Gonzalez,2019-11-07,True,1769,16
LOC-0194,Lincare Scranton #3,2789 Elm Dr,Scranton,PA,27627,Pacific,(519) 932-7374,Nancy Brown,2022-01-02,True,7114,39
LOC-0195,Lincare RI_City_2 #5,2660 Cedar St,RI_City_2,RI,61299,Southwest,(469) 706-7189,Elizabeth Martinez,2014-05-17,True,6337,7
LOC-0196,Lincare Savannah #5,540 Health Blvd,Savannah,GA,59882,Midwest,(299) 638-6654,Elizabeth Wilson,2015-10-04,True,3500,20
LOC-0197,Lincare LA_City_3 #5,1491 Market St,LA_City_3,LA,49965,Midwest,(317) 545-3781,James Moore,2014-08-18,True,6888,32
LOC-0198,Lincare RI_City_3 #3,434 Market Dr,RI_City_3,RI,87068,Southwest,(222) 524-7188,Maria Hernandez,2004-05-20,True,2319,18
LOC-0199,Lincare MS_City_2 #3,2830 Cedar Blvd,MS_City_2,MS,57622,West,(646) 406-9142,Michael Moore,2009-08-08,True,1889,24
LOC-0200,Lincare RI_City_2 #2,1606 Market Rd,RI_City_2,RI,22416,Pacific,(806) 544-5478,Michael Jackson,2021-04-26,True,4345,9
LOC-0201,Lincare UT_City_2 #3,7192 Market Rd,UT_City_2,UT,51071,West,(404) 624-7591,Sarah Martin,2020-04-30,True,5985,16
LOC-0202,Lincare AZ_City_3 #5,3156 Cedar Dr,AZ_City_3,AZ,37912,Mid-Atlantic,(876) 960-8656,Sarah Moore,2019-06-16,True,7452,45
LOC-0203,Lincare Fresno #3,7677 Oak Ave,Fresno,CA,29722,Southeast,(964) 901-5919,Susan Wilson,2014-04-17,True,2027,45
LOC-0204,Lincare KS_City_2 #3,2731 Pine Rd,KS_City_2,KS,40950,Midwest,(615) 444-2860,David Miller,2001-03-29,True,4043,34
LOC-0205,Lincare ND_City_3 #4,706 Oak Ave,ND_City_3,ND,45744,Southwest,(339) 229-5233,Sarah Moore,2007-11-23,True,1845,36
LOC-0206,Lincare AZ_City_1 #1,5243 Cedar Blvd,AZ_City_1,AZ,18333,Pacific,(616) 572-2479,Maria Jones,2010-08-03,True,7516,37
LOC-0207,Lincare Ft Lauderdale #5,8705 Pine Dr,Ft Lauderdale,FL,21829,Mid-Atlantic,(443) 814-3003,Linda Hernandez,2017-06-28,True,7594,20
LOC-0208,Lincare NJ_City_1 #1,2969 Oak Blvd,NJ_City_1,NJ,67602,Southeast,(618) 460-1916,Nancy Moore,2016-10-22,True,2425,25
LOC-0209,Lincare OR_City_2 #2,4650 Health Ave,OR_City_2,OR,57578,Southwest,(686) 932-7025,Jennifer Smith,2001-07-24,True,6924,8
LOC-0210,Lincare WA_City_3 #3,9155 Elm Blvd,WA_City_3,WA,93748,Southeast,(917) 571-2999,Margaret Davis,2019-11-05,True,4719,21
LOC-0211,Lincare Detroit #2,4972 Oak Ave,Detroit,MI,67520,Pacific,(846) 524-7656,Robert Rodriguez,2003-08-05,True,5527,35
LOC-0212,Lincare WY_City_2 #3,7020 Health St,WY_City_2,WY,31016,Pacific,(915) 467-9295,Michael Lopez,2018-11-17,True,5986,25
LOC-0213,Lincare Yonkers #1,3110 Market Dr,Yonkers,NY,94030,Northeast,(339) 203-7564,Joseph Martinez,2014-01-27,True,2407,15
LOC-0214,Lincare LA_City_3 #2,9832 Market Dr,LA_City_3,LA,51864,Mid-Atlantic,(662) 689-3187,Sarah Garcia,2014-09-11,True,3127,10
LOC-0215,Lincare NH_City_2 #4,6282 Health Rd,NH_City_2,NH,39423,Southeast,(221) 223-4747,Michael Anderson,2008-11-22,True,2882,8
LOC-0216,Lincare NV_City_3 #5,4362 Oak St,NV_City_3,NV,58224,Southwest,(374) 780-2922,James Taylor,2019-07-09,True,5216,36
LOC-0217,Lincare Orlando #2,3221 Health Blvd,Orlando,FL,47743,Mid-Atlantic,(964) 706-7259,David Wilson,2009-04-08,True,3818,17
LOC-0218,Lincare NH_City_1 #2,571 Pine Blvd,NH_City_1,NH,40865,Southwest,(832) 661-5068,Elizabeth Jackson,2020-07-20,True,5341,13
LOC-0219,Lincare MN_City_3 #2,6383 Market Dr,MN_City_3,MN,88275,Southwest,(462) 274-2561,Margaret Johnson,2002-05-03,True,3423,35
LOC-0220,Lincare MO_City_3 #5,845 Main Blvd,MO_City_3,MO,76131,Mid-Atlantic,(834) 590-5956,Maria Lopez,2005-12-06,False,6083,7
LOC-0221,Lincare SC_City_1 #2,8353 Elm Blvd,SC_City_1,SC,71352,Midwest,(335) 291-6198,Lisa Wilson,2006-05-12,True,4066,7
LOC-0222,Lincare Columbus #3,6007 Elm Blvd,Columbus,GA,44500,Pacific,(827) 979-5321,Lisa Hernandez,2019-07-19,True,4084,36
LOC-0223,Lincare ID_City_3 #4,971 Oak Ave,ID_City_3,ID,17152,Pacific,(435) 387-1587,Nancy Rodriguez,2007-05-03,True,5075,12
LOC-0224,Lincare ND_City_1 #3,9289 Elm Dr,ND_City_1,ND,74616,Southwest,(315) 937-3425,William Lopez,2004-03-13,True,3827,16
LOC-0225,Lincare Springfield #3,9328 Market Rd,Springfield,IL,37839,West,(797) 204-9618,Richard Wilson,2003-06-12,True,5580,11
LOC-0226,Lincare MS_City_1 #1,6558 Pine Rd,MS_City_1,MS,23902,Midwest,(531) 357-1473,Michael Anderson,2021-07-10,True,3706,43
LOC-0227,Lincare VT_City_1 #1,7523 Pine Rd,VT_City_1,VT,26950,Midwest,(416) 249-5635,Linda Johnson,2003-03-04,True,6433,29
LOC-0228,Lincare CT_City_2 #2,4033 Health Dr,CT_City_2,CT,21690,Midwest,(221) 413-3669,Maria Gonzalez,2012-10-12,True,6858,14
LOC-0229,Lincare Miami #4,5180 Market Rd,Miami,FL,27208,Southwest,(567) 881-2574,Elizabeth Taylor,2008-12-18,True,4679,35
LOC-0230,Lincare MD_City_3 #4,1578 Health Dr,MD_City_3,MD,58265,West,(828) 390-8112,Susan Williams,2001-10-24,True,5297,19
LOC-0231,Lincare UT_City_3 #2,8215 Cedar Rd,UT_City_3,UT,21006,Mid-Atlantic,(497) 679-8165,Michael Thomas,2013-06-22,True,2546,24
LOC-0232,Lincare LA_City_3 #3,9414 Main Rd,LA_City_3,LA,20031,Southwest,(246) 725-2763,Lisa Wilson,2018-07-11,True,6913,41
LOC-0233,Lincare ME_City_2 #5,1439 Health Rd,ME_City_2,ME,12132,Midwest,(316) 958-8583,Richard Garcia,2017-08-17,True,4909,24
LOC-0234,Lincare MN_City_3 #4,7471 Cedar Blvd,MN_City_3,MN,54739,Mid-Atlantic,(391) 416-4032,Michael Martin,2011-08-19,True,2371,32
LOC-0235,Lincare OR_City_1 #4,2011 Main Ave,OR_City_1,OR,95957,Northeast,(688) 671-7637,Nancy Martinez,2016-03-07,True,7154,30
LOC-0236,Lincare Detroit #2,327 Oak St,Detroit,MI,12082,Southeast,(912) 392-1439,Joseph Thomas,2006-07-06,True,5069,45
LOC-0237,Lincare OR_City_1 #3,7692 Oak Dr,OR_City_1,OR,65296,Northeast,(222) 319-3721,David Anderson,2021-10-04,True,5182,42
LOC-0238,Lincare LA_City_1 #5,6518 Main Blvd,LA_City_1,LA,11032,Midwest,(305) 845-8074,Susan Thomas,2013-01-16,True,4774,36
LOC-0239,Lincare Akron #5,8093 Oak St,Akron,OH,79246,Mid-Atlantic,(219) 632-6174,Margaret Williams,2012-01-06,True,4917,35
LOC-0240,Lincare Jacksonville #3,7445 Market Dr,Jacksonville,FL,12727,West,(365) 494-4149,Nancy Lopez,2019-08-27,True,3299,42
LOC-0241,Lincare VA_City_2 #4,2248 Pine Dr,VA_City_2,VA,64638,West,(889) 868-6902,Nancy Garcia,2009-04-17,True,7637,10
LOC-0242,Lincare VT_City_2 #2,3368 Oak Rd,VT_City_2,VT,74511,Southeast,(303) 625-9089,Jennifer Davis,2009-05-24,True,1648,27
LOC-0243,Lincare ME_City_2 #2,2962 Health Rd,ME_City_2,ME,14190,Mid-Atlantic,(265) 545-8055,William Martin,2010-03-03,True,3335,36
LOC-0244,Lincare ME_City_2 #3,864 Health Rd,ME_City_2,ME,45060,Pacific,(354) 906-9444,William Johnson,2019-08-22,True,7691,12
LOC-0245,Lincare DE_City_3 #1,9315 Main Rd,DE_City_3,DE,23816,West,(371) 845-2934,Joseph Lopez,2007-01-16,True,7301,33
LOC-0246,Lincare Toledo #1,2627 Market Blvd,Toledo,OH,53857,Mid-Atlantic,(341) 325-4307,Karen Wilson,2000-04-17,True,5380,26
LOC-0247,Lincare MA_City_3 #1,4458 Pine Dr,MA_City_3,MA,57270,Southeast,(844) 880-5021,David Taylor,2018-12-01,True,2630,32
LOC-0248,Lincare NH_City_2 #5,6027 Main Dr,NH_City_2,NH,29082,Southwest,(988) 210-9476,Michael Williams,2015-03-05,True,7827,15
LOC-0249,Lincare NJ_City_1 #1,2573 Cedar St,NJ_City_1,NJ,92786,Southwest,(930) 876-9516,Jennifer Wilson,2018-01-12,True,7240,40
LOC-0250,Lincare Ann Arbor #3,5738 Main Blvd,Ann Arbor,MI,79178,Mid-Atlantic,(825) 350-7618,Karen Miller,2019-11-01,True,7902,30
LOC-0251,Lincare IA_City_2 #1,8905 Pine Dr,IA_City_2,IA,26515,Northeast,(732) 753-5651,Joseph Williams,2022-12-14,True,5770,26
LOC-0252,Lincare Dallas #1,8946 Cedar Blvd,Dallas,TX,41632,Northeast,(992) 511-7926,Lisa Brown,2002-09-09,True,3627,45
LOC-0253,Lincare Cincinnati #1,2143 Elm Blvd,Cincinnati,OH,85030,Northeast,(954) 205-8424,Linda Davis,2010-06-28,True,3830,41
LOC-0254,Lincare VA_City_1 #4,8614 Market Ave,VA_City_1,VA,23792,Mid-Atlantic,(535) 728-4154,Elizabeth Anderson,2004-05-24,True,4987,31
LOC-0255,Lincare CT_City_1 #4,2230 Elm Ave,CT_City_1,CT,68479,Northeast,(279) 578-9622,Maria Jackson,2017-09-16,True,6286,36
LOC-0256,Lincare San Antonio #4,6930 Health Ave,San Antonio,TX,28919,Southwest,(717) 330-8942,Karen Jones,2005-04-18,True,5230,35
LOC-0257,Lincare AR_City_3 #5,6151 Main Rd,AR_City_3,AR,63558,Southeast,(312) 323-7055,Jennifer Johnson,2006-11-16,True,3997,28
LOC-0258,Lincare Warren #1,2440 Oak Rd,Warren,MI,65280,Southwest,(249) 512-5644,Joseph Garcia,2021-12-04,True,5985,27
LOC-0259,Lincare CO_City_1 #4,9489 Pine Rd,CO_City_1,CO,69293,Southwest,(545) 586-8786,David Jones,2022-08-23,True,7739,33
LOC-0260,Lincare VT_City_2 #3,1563 Health Rd,VT_City_2,VT,97097,Southeast,(838) 619-7344,Thomas Gonzalez,2015-03-17,True,6992,33
LOC-0261,Lincare WY_City_2 #1,2813 Market St,WY_City_2,WY,84972,Mid-Atlantic,(845) 990-6060,Margaret Brown,2003-10-27,True,6568,39
LOC-0262,Lincare RI_City_1 #5,3203 Health Dr,RI_City_1,RI,75881,West,(219) 323-9713,Richard Smith,2012-05-01,True,3509,42
LOC-0263,Lincare NM_City_1 #5,5349 Elm Rd,NM_City_1,NM,15896,Pacific,(703) 223-6569,Susan Garcia,2018-08-12,True,5824,25
LOC-0264,Lincare NE_City_2 #1,1727 Cedar Ave,NE_City_2,NE,47401,Northeast,(347) 387-5187,Michael Jones,2013-10-05,False,7059,15
LOC-0265,Lincare Fresno #2,545 Market St,Fresno,CA,49062,Midwest,(599) 301-6243,David Wilson,2014-07-17,True,2490,8
LOC-0266,Lincare IA_City_1 #5,9701 Oak Dr,IA_City_1,IA,76666,Pacific,(970) 716-7308,William Rodriguez,2002-09-20,True,6031,31
LOC-0267,Lincare CO_City_2 #4,3929 Main Blvd,CO_City_2,CO,82623,Northeast,(800) 891-2663,Thomas Moore,2005-08-19,True,4832,33
LOC-0268,Lincare CT_City_3 #2,2432 Pine Rd,CT_City_3,CT,32044,West,(451) 750-7942,Margaret Anderson,2001-11-15,True,5306,44
LOC-0269,Lincare MA_City_3 #1,1085 Elm Blvd,MA_City_3,MA,88363,Southeast,(456) 896-7228,Elizabeth Miller,2022-11-22,True,2822,39
LOC-0270,Lincare RI_City_1 #1,6576 Market St,RI_City_1,RI,28304,Midwest,(942) 769-5578,Susan Miller,2022-08-23,False,4107,26
LOC-0271,Lincare Austin #4,4573 Oak Blvd,Austin,TX,54778,Pacific,(415) 670-6381,James Jones,2000-02-03,True,1535,5
LOC-0272,Lincare VA_City_1 #5,8111 Health Dr,VA_City_1,VA,80533,Southwest,(283) 864-2270,Margaret Smith,2019-12-20,True,4391,29
LOC-0273,Lincare SD_City_2 #2,238 Main Dr,SD_City_2,SD,58559,Southwest,(397) 655-1153,Thomas Smith,2012-08-11,True,7309,27
LOC-0274,Lincare IA_City_1 #5,5067 Health Ave,IA_City_1,IA,40704,Pacific,(705) 571-1602,Sarah Thomas,2009-05-18,True,6730,30
LOC-0275,Lincare Sarasota #5,8297 Elm Ave,Sarasota,FL,82323,Midwest,(398) 875-3875,Michael Jackson,2005-10-02,True,2543,21
LOC-0276,Lincare RI_City_1 #3,3243 Health St,RI_City_1,RI,98832,West,(745) 829-5143,Margaret Anderson,2000-02-02,True,6750,8
LOC-0277,Lincare MN_City_2 #4,4589 Main Rd,MN_City_2,MN,71156,Pacific,(707) 570-9474,Robert Davis,2002-02-08,True,4941,39
LOC-0278,Lincare NM_City_2 #4,3288 Pine St,NM_City_2,NM,84949,Northeast,(225) 955-4696,Susan Williams,2011-03-19,True,4197,24
LOC-0279,Lincare CO_City_3 #1,556 Elm Dr,CO_City_3,CO,13148,Mid-Atlantic,(806) 841-6477,Sarah Davis,2004-11-01,True,4291,8
LOC-0280,Lincare MS_City_3 #2,1294 Health Rd,MS_City_3,MS,91207,Pacific,(649) 982-2567,Karen Jackson,2005-08-07,True,1997,7
LOC-0281,Lincare NE_City_2 #1,2189 Main Dr,NE_City_2,NE,17181,Pacific,(508) 825-8075,Michael Brown,2002-07-03,True,3915,29
LOC-0282,Lincare NV_City_1 #4,3919 Health Rd,NV_City_1,NV,96471,West,(838) 210-8428,Maria Anderson,2019-03-16,True,6572,11
LOC-0283,Lincare MS_City_3 #1,7539 Cedar Blvd,MS_City_3,MS,87045,Mid-Atlantic,(397) 310-2682,James Martin,2003-01-11,True,3086,41
LOC-0284,Lincare Athens #3,5922 Elm Dr,Athens,GA,91376,West,(655) 390-4983,David Johnson,2002-09-18,True,6288,32
LOC-0285,Lincare Dayton #3,5198 Cedar Rd,Dayton,OH,29087,Pacific,(350) 680-6057,Linda Martinez,2016-07-17,False,5740,42
LOC-0286,Lincare VT_City_3 #1,3989 Cedar Rd,VT_City_3,VT,17157,Southeast,(632) 552-4201,Joseph Miller,2003-01-25,True,6971,35
LOC-0287,Lincare WA_City_3 #5,5525 Health Rd,WA_City_3,WA,84199,Southwest,(543) 830-5909,Susan Hernandez,2007-04-12,True,7965,7
LOC-0288,Lincare ND_City_1 #2,3872 Elm Rd,ND_City_1,ND,37936,Northeast,(444) 692-6431,Maria Miller,2017-12-15,True,1555,28
LOC-0289,Lincare AL_City_1 #1,9188 Main Ave,AL_City_1,AL,48086,Midwest,(650) 399-6896,Robert Smith,2008-12-06,True,2926,19
LOC-0290,Lincare ME_City_3 #3,9185 Oak Ave,ME_City_3,ME,35688,Southeast,(222) 380-5289,William Smith,2006-02-26,True,7950,12
LOC-0291,Lincare MS_City_1 #4,4034 Pine Blvd,MS_City_1,MS,96626,Midwest,(375) 739-8106,Michael Brown,2006-06-24,True,2571,17
LOC-0292,Lincare IA_City_3 #3,5309 Cedar Dr,IA_City_3,IA,93380,Southwest,(450) 247-4098,Margaret Martinez,2006-08-31,True,1936,45
LOC-0293,Lincare MD_City_1 #5,9669 Elm Ave,MD_City_1,MD,20670,Pacific,(681) 879-2062,Richard Taylor,2017-05-29,True,6784,37
LOC-0294,Lincare MT_City_2 #4,3032 Pine Blvd,MT_City_2,MT,78875,West,(911) 694-9106,Nancy Rodriguez,2017-12-26,True,7976,42
LOC-0295,Lincare UT_City_1 #2,3425 Elm Ave,UT_City_1,UT,61891,Southeast,(423) 513-7963,Maria Jackson,2007-01-19,True,4564,21
LOC-0296,Lincare Philadelphia #1,4934 Elm Rd,Philadelphia,PA,56081,Southeast,(435) 797-1674,Karen Taylor,2015-02-02,True,5330,32
LOC-0297,Lincare NH_City_2 #4,5294 Pine Dr,NH_City_2,NH,13239,Pacific,(383) 652-4830,Sarah Williams,2016-02-09,True,3912,37
LOC-0298,Lincare Akron #1,4628 Oak St,Akron,OH,25543,Mid-Atlantic,(273) 568-1627,Margaret Miller,2014-12-21,True,4197,21
LOC-0299,Lincare Ann Arbor #3,3223 Market Rd,Ann Arbor,MI,28070,Pacific,(970) 933-9898,Sarah Smith,2013-06-07,True,4339,30
LOC-0300,Lincare NV_City_3 #1,7833 Market Rd,NV_City_3,NV,29566,Pacific,(607) 433-4717,Joseph Thomas,2010-06-26,True,7938,40
LOC-0301,Lincare Yonkers #4,5681 Health St,Yonkers,NY,51035,Pacific,(392) 639-7843,Joseph Anderson,2020-03-08,True,1746,28
LOC-0302,Lincare Macon #2,5106 Market St,Macon,GA,75509,Pacific,(874) 563-6567,Thomas Wilson,2019-02-04,True,4804,39
LOC-0303,Lincare Warren #1,9399 Health St,Warren,MI,28236,West,(357) 538-7404,Maria Miller,2017-07-10,True,4665,17
LOC-0304,Lincare Charlotte #5,7497 Market Blvd,Charlotte,NC,22221,Midwest,(375) 306-3910,Robert Martin,2021-12-01,True,3130,9
LOC-0305,Lincare NE_City_2 #2,4869 Market Rd,NE_City_2,NE,19172,Southeast,(665) 258-7039,Lisa Smith,2007-09-16,True,4865,30
LOC-0306,Lincare Chicago #5,6955 Elm St,Chicago,IL,60986,Southeast,(411) 333-4369,Jennifer Wilson,2021-04-18,True,6211,24
LOC-0307,Lincare SC_City_1 #4,4612 Oak St,SC_City_1,SC,28702,West,(656) 265-7541,Thomas Taylor,2014-10-02,True,5521,34
LOC-0308,Lincare Syracuse #1,4817 Market Dr,Syracuse,NY,55453,Northeast,(917) 928-5873,Maria Martin,2007-11-09,True,2971,44
LOC-0309,Lincare WI_City_2 #4,3105 Market Rd,WI_City_2,WI,22521,Southwest,(602) 915-1715,Thomas Garcia,2012-04-12,True,5905,23
LOC-0310,Lincare VT_City_1 #2,8185 Elm Rd,VT_City_1,VT,25889,Mid-Atlantic,(577) 278-2723,Lisa Hernandez,2018-05-25,True,3570,18
LOC-0311,Lincare Columbus #1,1299 Market Dr,Columbus,OH,59958,Southwest,(551) 963-7542,Joseph Gonzalez,2001-09-10,True,2439,13
LOC-0312,Lincare MN_City_3 #4,8042 Elm St,MN_City_3,MN,20819,Mid-Atlantic,(761) 872-4969,Karen Jones,2021-02-12,True,2821,15
LOC-0313,Lincare AZ_City_3 #2,4919 Main Rd,AZ_City_3,AZ,61229,Northeast,(372) 279-1183,Sarah Jones,2019-10-07,True,3274,7
LOC-0314,Lincare VA_City_3 #4,882 Health Rd,VA_City_3,VA,94018,Southeast,(878) 933-2684,Maria Martinez,2019-12-01,True,1538,8
LOC-0315,Lincare NE_City_1 #3,4008 Oak St,NE_City_1,NE,12102,Southeast,(631) 228-1238,Linda Miller,2002-11-01,True,2291,15
LOC-0316,Lincare WI_City_1 #4,8496 Main Blvd,WI_City_1,WI,52294,Northeast,(775) 841-4105,Joseph Moore,2017-09-20,True,2489,19
LOC-0317,Lincare KS_City_1 #3,2944 Main Dr,KS_City_1,KS,95720,Midwest,(523) 212-7376,Joseph Anderson,2009-11-15,True,3781,44
LOC-0318,Lincare MT_City_1 #2,6835 Pine Rd,MT_City_1,MT,75480,Northeast,(304) 929-9784,Richard Rodriguez,2004-04-01,True,6668,29
LOC-0319,Lincare VA_City_3 #3,2972 Market Blvd,VA_City_3,VA,97342,Southeast,(693) 269-6490,James Martin,2020-02-19,True,6747,19
LOC-0320,Lincare Akron #1,3911 Main Rd,Akron,OH,26260,Mid-Atlantic,(516) 442-8020,Thomas Martin,2003-07-24,True,4568,36
LOC-0321,Lincare MA_City_1 #4,3448 Market St,MA_City_1,MA,41203,Southeast,(942) 812-8270,Linda Jones,2012-06-22,True,7946,7
LOC-0322,Lincare OK_City_2 #3,488 Oak Blvd,OK_City_2,OK,54922,Mid-Atlantic,(448) 410-9836,Robert Davis,2009-12-23,True,4625,38
LOC-0323,Lincare MN_City_1 #1,1158 Health Dr,MN_City_1,MN,19173,Southwest,(397) 253-3318,Joseph Jones,2004-02-12,True,5996,18
LOC-0324,Lincare LA_City_3 #4,7752 Pine Ave,LA_City_3,LA,35891,Northeast,(450) 634-3890,Thomas Martinez,2012-10-19,True,6706,17
LOC-0325,Lincare MD_City_2 #3,6624 Elm Ave,MD_City_2,MD,71697,Northeast,(651) 632-9278,Susan Jones,2021-08-15,True,4624,32
LOC-0326,Lincare CT_City_2 #5,2603 Cedar Ave,CT_City_2,CT,43723,West,(589) 674-6011,Karen Martinez,2016-10-29,True,5439,9
LOC-0327,Lincare MS_City_1 #4,3306 Oak Ave,MS_City_1,MS,10547,Mid-Atlantic,(213) 712-7131,Nancy Gonzalez,2018-08-26,True,7580,28
LOC-0328,Lincare NE_City_2 #5,1267 Elm St,NE_City_2,NE,26315,Midwest,(594) 779-3660,Joseph Wilson,2011-06-14,True,7656,27
LOC-0329,Lincare Dayton #3,1045 Market Dr,Dayton,OH,65579,Southwest,(953) 452-4970,Nancy Johnson,2016-03-18,True,7041,6
LOC-0330,Lincare WA_City_3 #2,4381 Cedar Dr,WA_City_3,WA,99268,Mid-Atlantic,(350) 460-5053,Richard Smith,2005-03-27,True,6778,29
LOC-0331,Lincare NV_City_3 #1,8595 Oak Dr,NV_City_3,NV,31734,West,(637) 458-5951,Lisa Moore,2017-03-03,True,7512,31
LOC-0332,Lincare WI_City_1 #5,5742 Health Ave,WI_City_1,WI,45261,Northeast,(966) 414-7520,Jennifer Smith,2007-07-22,True,1512,11
LOC-0333,Lincare CO_City_3 #5,6929 Market Blvd,CO_City_3,CO,66485,Southwest,(374) 380-7138,Richard Jones,2008-11-18,True,5617,12
LOC-0334,Lincare NM_City_3 #2,3141 Oak St,NM_City_3,NM,33950,Pacific,(977) 396-5249,Susan Anderson,2004-11-24,True,2860,10
LOC-0335,Lincare MA_City_1 #1,4634 Main Blvd,MA_City_1,MA,13888,Southwest,(799) 440-8829,Nancy Brown,2000-06-04,True,7658,5
LOC-0336,Lincare VT_City_3 #1,1686 Oak Rd,VT_City_3,VT,10951,Pacific,(584) 817-9520,Sarah Thomas,2021-03-24,True,6451,32
LOC-0337,Lincare MS_City_2 #3,5264 Health Ave,MS_City_2,MS,57344,Mid-Atlantic,(881) 608-7200,Robert Lopez,2014-10-24,True,1525,34
LOC-0338,Lincare WA_City_2 #2,520 Cedar St,WA_City_2,WA,79550,Mid-Atlantic,(486) 916-5072,Elizabeth Anderson,2021-04-25,True,6908,17
LOC-0339,Lincare AL_City_3 #3,372 Market Blvd,AL_City_3,AL,15997,Pacific,(953) 533-8279,Thomas Martin,2021-09-25,True,6518,10
LOC-0340,Lincare MO_City_2 #1,6405 Pine Rd,MO_City_2,MO,35569,Southwest,(929) 346-9520,Lisa Johnson,2005-09-25,True,2213,24
LOC-0341,Lincare VA_City_3 #4,2853 Elm St,VA_City_3,VA,73198,Pacific,(878) 753-4946,Thomas Miller,2007-08-24,True,6904,10
LOC-0342,Lincare DE_City_2 #1,2725 Pine Dr,DE_City_2,DE,46747,Mid-Atlantic,(425) 936-5220,Nancy Brown,2006-02-02,True,6690,36
LOC-0343,Lincare CT_City_3 #2,9536 Health Rd,CT_City_3,CT,18476,Midwest,(859) 551-7176,Maria Moore,2019-08-08,True,3331,21
LOC-0344,Lincare Miami #1,1560 Pine Rd,Miami,FL,34662,Northeast,(962) 318-7025,David Hernandez,2017-01-20,True,1513,24
LOC-0345,Lincare Fresno #2,6459 Elm Blvd,Fresno,CA,57844,West,(895) 329-9515,Thomas Brown,2017-09-24,True,5273,25
LOC-0346,Lincare ID_City_2 #2,8289 Market Dr,ID_City_2,ID,29323,Pacific,(815) 490-3389,Robert Martin,2014-05-12,True,7141,12
LOC-0347,Lincare MD_City_3 #4,3634 Elm Blvd,MD_City_3,MD,59375,West,(260) 541-3501,Joseph Davis,2002-05-11,True,7857,16
LOC-0348,Lincare ND_City_3 #3,2708 Main Rd,ND_City_3,ND,61417,Southwest,(545) 632-8756,Elizabeth Gonzalez,2017-07-17,True,7453,23
LOC-0349,Lincare MA_City_3 #5,6551 Main Ave,MA_City_3,MA,52391,Southeast,(970) 794-1886,Jennifer Anderson,2007-05-05,True,5119,35
LOC-0350,Lincare MA_City_1 #2,3305 Market St,MA_City_1,MA,57477,Southeast,(943) 789-2670,David Gonzalez,2019-02-27,True,2878,8
LOC-0351,Lincare DE_City_2 #2,959 Main Rd,DE_City_2,DE,95209,Southwest,(546) 807-8107,David Gonzalez,2010-12-28,True,3473,30
LOC-0352,Lincare ND_City_2 #5,2926 Market Dr,ND_City_2,ND,97914,Mid-Atlantic,(874) 291-8596,Maria Rodriguez,2019-12-19,True,2483,12
LOC-0353,Lincare CT_City_1 #5,3785 Main Rd,CT_City_1,CT,85101,Southwest,(786) 691-5484,William Jackson,2008-02-15,True,6780,32
LOC-0354,Lincare Lansing #1,5428 Main Rd,Lansing,MI,34233,Southeast,(615) 917-1323,Maria Moore,2021-11-30,True,6290,39
LOC-0355,Lincare WV_City_3 #2,2022 Oak Rd,WV_City_3,WV,33584,Northeast,(205) 768-8327,Linda Brown,2001-10-03,True,3189,15
LOC-0356,Lincare CT_City_3 #1,1486 Main Rd,CT_City_3,CT,49135,Midwest,(572) 757-3811,Susan Smith,2011-02-20,True,5755,23
LOC-0357,Lincare VT_City_3 #2,9554 Elm Blvd,VT_City_3,VT,78506,Southwest,(560) 820-9818,Lisa Miller,2004-06-10,True,1866,20
LOC-0358,Lincare AR_City_1 #3,3626 Oak Rd,AR_City_1,AR,82361,Southeast,(421) 805-6882,Sarah Jones,2018-12-06,True,3588,21
LOC-0359,Lincare NE_City_3 #4,7572 Main Blvd,NE_City_3,NE,98673,Southeast,(635) 911-3346,Margaret Miller,2003-03-02,True,3706,45
LOC-0360,Lincare WA_City_3 #3,9334 Market Rd,WA_City_3,WA,89291,Southeast,(367) 629-3514,Linda Wilson,2016-12-30,True,6444,20
LOC-0361,Lincare CO_City_2 #5,1902 Market Rd,CO_City_2,CO,63317,Northeast,(267) 537-2457,Elizabeth Hernandez,2012-04-03,True,3349,22
LOC-0362,Lincare AL_City_1 #2,6303 Main St,AL_City_1,AL,33033,Southwest,(739) 945-6022,Nancy Brown,2015-08-26,True,3810,40
LOC-0363,Lincare MD_City_3 #1,2897 Pine Dr,MD_City_3,MD,33681,Northeast,(553) 959-9711,Margaret Martin,2018-01-23,True,2545,21
LOC-0364,Lincare AL_City_3 #2,2170 Oak Dr,AL_City_3,AL,84391,West,(953) 473-1866,Elizabeth Davis,2018-10-05,True,2999,33
LOC-0365,Lincare MO_City_2 #3,4619 Elm Rd,MO_City_2,MO,39984,West,(512) 850-2424,Jennifer Wilson,2014-01-10,True,6699,10
LOC-0366,Lincare CO_City_3 #1,2805 Cedar St,CO_City_3,CO,21086,Southeast,(961) 492-9074,James Wilson,2022-10-26,True,2617,35
LOC-0367,Lincare ND_City_3 #5,2142 Elm St,ND_City_3,ND,90777,Mid-Atlantic,(394) 963-1119,Susan Moore,2015-06-24,True,7553,38
LOC-0368,Lincare VA_City_3 #5,7450 Oak Rd,VA_City_3,VA,39500,Northeast,(379) 276-7013,David Taylor,2015-11-06,False,4962,36
LOC-0369,Lincare NE_City_1 #1,5637 Market Ave,NE_City_1,NE,80663,Midwest,(984) 320-5752,Jennifer Thomas,2013-03-02,True,1518,45
LOC-0370,Lincare RI_City_2 #3,8546 Health St,RI_City_2,RI,70693,Southeast,(832) 699-1942,Elizabeth Smith,2020-08-25,True,4399,11
LOC-0371,Lincare AL_City_2 #2,6687 Pine St,AL_City_2,AL,23282,Mid-Atlantic,(641) 703-4236,Michael Taylor,2006-11-23,True,5492,5
LOC-0372,Lincare ID_City_3 #2,7811 Elm Blvd,ID_City_3,ID,49227,Midwest,(573) 638-3984,Margaret Rodriguez,2004-11-15,False,6876,33
LOC-0373,Lincare Aurora #4,195 Pine Ave,Aurora,IL,24505,Midwest,(394) 491-1659,David Gonzalez,2018-11-20,True,1758,15
LOC-0374,Lincare VT_City_1 #3,2046 Elm Dr,VT_City_1,VT,82105,Southwest,(707) 898-3087,Linda Gonzalez,2022-07-06,True,7577,29
LOC-0375,Lincare Atlanta #1,2166 Oak Blvd,Atlanta,GA,75536,Northeast,(213) 985-4874,Robert Hernandez,2019-04-10,False,7541,5
LOC-0376,Lincare NJ_City_2 #3,8061 Main Dr,NJ_City_2,NJ,42472,Midwest,(832) 356-9376,Richard Davis,2012-08-11,True,3658,20
LOC-0377,Lincare VT_City_2 #4,1788 Market Rd,VT_City_2,VT,90098,Southeast,(385) 393-3436,Thomas Brown,2005-12-07,True,3743,17
LOC-0378,Lincare ID_City_2 #5,3370 Main St,ID_City_2,ID,59853,Northeast,(617) 737-6020,Thomas Davis,2015-01-29,True,2002,37
LOC-0379,Lincare NJ_City_3 #3,1903 Pine Blvd,NJ_City_3,NJ,46773,Northeast,(559) 928-7849,Thomas Hernandez,2002-02-18,True,1504,8
LOC-0380,Lincare VT_City_3 #2,4774 Elm Blvd,VT_City_3,VT,89498,Midwest,(303) 641-4028,Sarah Thomas,2016-04-22,True,2413,11
LOC-0381,Lincare VT_City_1 #5,2234 Pine Blvd,VT_City_1,VT,57367,Mid-Atlantic,(960) 997-9664,Elizabeth Davis,2012-05-18,True,4646,10
LOC-0382,Lincare DE_City_1 #5,2071 Main Rd,DE_City_1,DE,95767,Mid-Atlantic,(395) 397-8303,William Williams,2015-05-20,True,5384,17
LOC-0383,Lincare OR_City_3 #1,2194 Oak Dr,OR_City_3,OR,82154,Southeast,(928) 458-6690,Elizabeth Anderson,2005-04-07,True,2054,35
LOC-0384,Lincare NH_City_3 #1,2835 Cedar Blvd,NH_City_3,NH,26899,West,(496) 246-1996,Joseph Gonzalez,2022-03-16,True,5706,9
LOC-0385,Lincare Rockford #5,6393 Cedar Dr,Rockford,IL,62540,Pacific,(821) 478-4390,Richard Smith,2007-03-06,True,6350,5
LOC-0386,Lincare Toledo #5,4340 Pine Ave,Toledo,OH,48844,West,(925) 474-2951,Richard Davis,2002-01-17,True,3890,7
LOC-0387,Lincare Dallas #2,4530 Health St,Dallas,TX,94202,Midwest,(454) 415-9758,William Smith,2015-08-02,True,4523,25
LOC-0388,Lincare CT_City_3 #3,2289 Elm Rd,CT_City_3,CT,48652,West,(532) 258-1170,Elizabeth Davis,2012-07-18,True,1628,39
LOC-0389,Lincare VT_City_3 #4,4316 Health Rd,VT_City_3,VT,82204,Northeast,(411) 652-4614,Linda Rodriguez,2009-02-23,True,7667,30
LOC-0390,Lincare ID_City_2 #4,6139 Oak Dr,ID_City_2,ID,22280,Southeast,(707) 385-8526,Richard Garcia,2008-06-21,True,7475,16
LOC-0391,Lincare UT_City_2 #3,2769 Oak Dr,UT_City_2,UT,89668,Northeast,(392) 271-3351,Michael Wilson,2011-01-01,True,6784,30
LOC-0392,Lincare DE_City_3 #2,293 Cedar St,DE_City_3,DE,59528,West,(593) 221-2802,James Johnson,2005-12-05,True,2184,22
LOC-0393,Lincare ID_City_3 #1,253 Health St,ID_City_3,ID,81089,West,(953) 546-2392,Joseph Jones,2021-07-20,True,5139,15
LOC-0394,Lincare Warren #2,4094 Main Rd,Warren,MI,45056,Southwest,(842) 756-3016,James Johnson,2004-08-11,True,2340,37
LOC-0395,Lincare NH_City_1 #2,493 Oak Dr,NH_City_1,NH,60512,Northeast,(350) 561-5699,Thomas Gonzalez,2005-01-15,True,2402,19
LOC-0396,Lincare DE_City_2 #1,5567 Main Blvd,DE_City_2,DE,21115,Midwest,(244) 819-3475,Richard Wilson,2015-01-08,True,7065,32
LOC-0397,Lincare ID_City_3 #3,4802 Pine St,ID_City_3,ID,45532,Mid-Atlantic,(711) 877-7047,Sarah Williams,2000-02-05,True,2717,14
LOC-0398,Lincare MN_City_1 #4,7938 Health St,MN_City_1,MN,24832,Southwest,(791) 637-5562,David Williams,2014-06-28,False,2989,29
LOC-0399,Lincare MO_City_2 #4,7985 Market Dr,MO_City_2,MO,88871,Southwest,(851) 541-3264,Thomas Gonzalez,2018-10-12,True,5913,39
LOC-0400,Lincare ND_City_3 #2,6401 Main Rd,ND_City_3,ND,65291,West,(739) 791-4593,Michael Davis,2016-03-23,True,1640,28
LOC-0401,Lincare Erie #1,1076 Pine Blvd,Erie,PA,28264,Southeast,(501) 671-3361,Margaret Wilson,2010-11-17,True,3339,8
LOC-0402,Lincare WY_City_1 #2,6284 Market St,WY_City_1,WY,65667,Northeast,(580) 255-2736,Michael Thomas,2007-02-04,True,4492,14
LOC-0403,Lincare CT_City_1 #1,9425 Health Dr,CT_City_1,CT,29623,Northeast,(983) 386-8696,David Taylor,2013-06-08,True,7419,26
LOC-0404,Lincare NM_City_3 #1,4798 Main Ave,NM_City_3,NM,17864,Mid-Atlantic,(857) 232-3843,Lisa Garcia,2000-06-27,True,4970,34
LOC-0405,Lincare Scranton #3,9472 Cedar Blvd,Scranton,PA,39794,Pacific,(633) 360-5453,Michael Taylor,2016-12-07,False,2525,18
LOC-0406,Lincare NV_City_3 #2,6527 Oak Rd,NV_City_3,NV,89309,Northeast,(279) 909-8674,Nancy Hernandez,2018-03-04,True,2850,8
LOC-0407,Lincare MT_City_3 #2,4522 Main St,MT_City_3,MT,20198,Southwest,(571) 817-6496,James Davis,2012-08-28,True,2372,9
LOC-0408,Lincare KS_City_3 #3,3175 Cedar Ave,KS_City_3,KS,93674,Northeast,(233) 446-5410,Michael Jackson,2002-01-05,True,7973,35
LOC-0409,Lincare AR_City_1 #1,5156 Main Blvd,AR_City_1,AR,47015,Midwest,(607) 712-4192,Linda Gonzalez,2015-12-18,False,7256,11
LOC-0410,Lincare MS_City_2 #5,1754 Cedar Ave,MS_City_2,MS,13104,Mid-Atlantic,(801) 591-8814,Robert Martinez,2007-03-26,True,5293,10
LOC-0411,Lincare Houston #2,3633 Health Ave,Houston,TX,31108,Mid-Atlantic,(713) 728-9573,Linda Anderson,2005-11-19,True,4451,44
LOC-0412,Lincare NJ_City_1 #4,4017 Oak Rd,NJ_City_1,NJ,89544,Mid-Atlantic,(276) 356-9151,William Smith,2006-05-25,True,4035,40
LOC-0413,Lincare CT_City_2 #4,5239 Oak Blvd,CT_City_2,CT,31164,Northeast,(269) 486-6952,Elizabeth Williams,2003-03-11,True,7823,34
LOC-0414,Lincare ME_City_2 #4,2401 Main Rd,ME_City_2,ME,73997,Midwest,(240) 572-5696,Maria Wilson,2005-10-14,True,5698,44
LOC-0415,Lincare MN_City_2 #4,8389 Elm Blvd,MN_City_2,MN,99463,Northeast,(243) 835-1934,Thomas Moore,2000-05-10,True,2362,23
LOC-0416,Lincare NE_City_1 #4,1295 Oak Dr,NE_City_1,NE,70591,West,(885) 295-6716,Karen Anderson,2020-11-07,True,2976,11
LOC-0417,Lincare NV_City_2 #4,5485 Main Blvd,NV_City_2,NV,54882,Southeast,(818) 697-4483,Nancy Brown,2012-06-26,True,5965,14
LOC-0418,Lincare Raleigh #2,5345 Cedar St,Raleigh,NC,88784,Mid-Atlantic,(992) 589-2022,Elizabeth Wilson,2021-03-27,True,3232,6
LOC-0419,Lincare VA_City_2 #3,2985 Main Ave,VA_City_2,VA,19077,Midwest,(480) 614-2338,Jennifer Anderson,2018-10-29,True,6985,21
LOC-0420,Lincare IN_City_1 #4,5703 Health Blvd,IN_City_1,IN,31565,Northeast,(403) 557-7866,Nancy Thomas,2007-03-17,False,5078,27
LOC-0421,Lincare WA_City_3 #1,9289 Health Rd,WA_City_3,WA,36025,Southwest,(279) 940-3369,Linda Hernandez,2000-08-20,True,5257,14
LOC-0422,Lincare ND_City_2 #4,4405 Cedar St,ND_City_2,ND,69055,Northeast,(328) 849-8361,William Johnson,2009-10-21,True,3037,31
LOC-0423,Lincare WA_City_3 #2,9945 Elm Ave,WA_City_3,WA,55624,Pacific,(414) 395-1235,Elizabeth Lopez,2000-09-22,True,4014,37
LOC-0424,Lincare Clearwater #4,6883 Elm Blvd,Clearwater,FL,56165,Southwest,(755) 636-9571,Linda Brown,2007-11-20,True,4556,16
LOC-0425,Lincare Reading #5,7241 Elm Blvd,Reading,PA,96455,Southeast,(905) 896-8167,Jennifer Martin,2004-06-13,False,2350,10
LOC-0426,Lincare UT_City_1 #4,1798 Elm Rd,UT_City_1,UT,81399,West,(302) 848-8276,Lisa Jackson,2001-06-18,True,4945,18
LOC-0427,Lincare KY_City_2 #4,1975 Oak Dr,KY_City_2,KY,26310,West,(559) 675-7765,Maria Smith,2016-10-21,True,5657,23
LOC-0428,Lincare MD_City_3 #3,6894 Market Ave,MD_City_3,MD,10544,Midwest,(624) 233-1254,James Jones,2016-10-17,True,5751,43
LOC-0429,Lincare MN_City_2 #5,7145 Oak Rd,MN_City_2,MN,61296,Southeast,(397) 831-7444,Robert Jackson,2019-04-01,True,6712,29
LOC-0430,Lincare WI_City_1 #3,8575 Oak Dr,WI_City_1,WI,40273,Southwest,(301) 927-3069,Lisa Brown,2017-08-01,True,6638,21
LOC-0431,Lincare Pittsburgh #2,1627 Main St,Pittsburgh,PA,67333,Midwest,(211) 843-3507,James Martin,2003-07-14,True,1707,13
LOC-0432,Lincare Yonkers #3,3156 Oak Ave,Yonkers,NY,48918,Mid-Atlantic,(398) 748-5018,Maria Rodriguez,2002-04-27,True,2677,45
LOC-0433,Lincare AZ_City_3 #1,1917 Elm Rd,AZ_City_3,AZ,26080,West,(309) 345-5627,Sarah Garcia,2004-02-29,True,4460,18
LOC-0434,Lincare NV_City_1 #1,6878 Main Dr,NV_City_1,NV,92009,Southwest,(278) 415-7879,Maria Hernandez,2020-03-23,True,2972,24
LOC-0435,Lincare AL_City_1 #5,615 Main Blvd,AL_City_1,AL,55453,Mid-Atlantic,(695) 828-9953,James Garcia,2011-06-01,True,3079,43
LOC-0436,Lincare AZ_City_3 #5,8484 Health Ave,AZ_City_3,AZ,38351,Northeast,(573) 317-4554,James Hernandez,2006-03-20,True,7461,13
LOC-0437,Lincare MD_City_2 #2,1606 Pine Rd,MD_City_2,MD,95449,Southwest,(501) 678-9123,Susan Taylor,2017-12-09,True,3548,16
LOC-0438,Lincare IA_City_3 #3,6536 Main Rd,IA_City_3,IA,87015,Pacific,(519) 369-4372,Nancy Wilson,2020-01-05,True,7620,22
LOC-0439,Lincare MN_City_3 #5,6375 Elm Ave,MN_City_3,MN,84336,Northeast,(561) 582-2052,Karen Garcia,2001-07-07,False,3573,42
LOC-0440,Lincare NH_City_2 #5,5871 Elm St,NH_City_2,NH,25027,West,(384) 530-8035,Richard Lopez,2011-01-02,True,6881,28
LOC-0441,Lincare MT_City_1 #3,2103 Main Blvd,MT_City_1,MT,11428,Pacific,(934) 536-4502,Karen Jackson,2014-06-04,True,6100,9
LOC-0442,Lincare NE_City_2 #2,8738 Oak St,NE_City_2,NE,83525,West,(484) 933-2225,Susan Wilson,2014-04-03,True,3123,17
LOC-0443,Lincare Sacramento #1,4596 Elm St,Sacramento,CA,26265,Southwest,(663) 375-6355,Maria Davis,2000-12-14,True,6772,41
LOC-0444,Lincare AL_City_2 #2,6699 Main Rd,AL_City_2,AL,79142,Midwest,(240) 545-1266,Michael Thomas,2004-04-07,True,4900,24
LOC-0445,Lincare MD_City_2 #3,6659 Main Rd,MD_City_2,MD,51048,Pacific,(705) 827-1771,Maria Martinez,2020-05-22,True,6751,12
LOC-0446,Lincare MT_City_3 #1,3770 Main St,MT_City_3,MT,28184,Northeast,(307) 530-8138,Thomas Garcia,2003-12-13,True,4521,39
LOC-0447,Lincare AL_City_3 #1,4354 Health St,AL_City_3,AL,24523,Pacific,(249) 511-2229,Sarah Hernandez,2017-01-09,True,2895,13
LOC-0448,Lincare SC_City_2 #2,5331 Health Ave,SC_City_2,SC,86563,Northeast,(623) 852-8320,William Taylor,2010-10-15,True,6917,36
LOC-0449,Lincare MD_City_2 #4,3800 Main Blvd,MD_City_2,MD,48828,Pacific,(928) 284-6783,Margaret Davis,2009-03-27,True,2115,36
LOC-0450,Lincare San Diego #2,7770 Health Dr,San Diego,CA,34630,Northeast,(699) 307-6577,Joseph Jackson,2014-01-21,True,4054,34
LOC-0451,Lincare UT_City_1 #5,1831 Oak Ave,UT_City_1,UT,57663,Pacific,(594) 663-9412,Joseph Gonzalez,2008-06-06,True,4965,15
LOC-0452,Lincare VA_City_2 #5,1772 Oak Dr,VA_City_2,VA,24047,Pacific,(962) 312-4941,James Anderson,2008-05-22,True,5401,38
LOC-0453,Lincare NM_City_2 #1,9116 Main Blvd,NM_City_2,NM,66554,Midwest,(417) 354-7503,Lisa Wilson,2022-10-13,True,5115,22
LOC-0454,Lincare MT_City_1 #4,7023 Oak Blvd,MT_City_1,MT,34831,Northeast,(612) 380-5520,Lisa Martin,2022-02-21,True,2394,8
LOC-0455,Lincare UT_City_1 #2,1987 Main St,UT_City_1,UT,85396,Northeast,(472) 444-2078,Margaret Brown,2012-05-10,True,6580,30
LOC-0456,Lincare NV_City_2 #2,4495 Elm Ave,NV_City_2,NV,32417,Northeast,(408) 555-5718,Jennifer Smith,2004-03-24,True,7238,44
LOC-0457,Lincare Fayetteville #2,2889 Pine St,Fayetteville,NC,31842,Midwest,(391) 540-8458,David Smith,2021-04-15,True,1670,16
LOC-0458,Lincare ME_City_1 #1,9832 Pine Dr,ME_City_1,ME,86435,Southeast,(201) 700-5055,Nancy Brown,2002-01-10,True,6147,23
LOC-0459,Lincare KY_City_3 #2,2501 Health St,KY_City_3,KY,23106,West,(511) 953-6499,Karen Thomas,2015-09-26,False,3608,36
LOC-0460,Lincare ME_City_2 #1,5877 Pine Blvd,ME_City_2,ME,77873,Southwest,(993) 879-8935,William Rodriguez,2000-12-05,True,4861,19
LOC-0461,Lincare VT_City_1 #4,606 Oak Rd,VT_City_1,VT,66455,Midwest,(568) 411-2462,Joseph Gonzalez,2004-11-03,False,6635,39
LOC-0462,Lincare NM_City_3 #3,5815 Pine Dr,NM_City_3,NM,87220,Southeast,(627) 482-6067,Joseph Johnson,2015-05-26,True,2507,32
LOC-0463,Lincare Syracuse #3,4825 Main St,Syracuse,NY,75395,Pacific,(901) 350-8640,David Taylor,2012-12-30,True,6942,15
LOC-0464,Lincare Sterling Heights #1,4928 Main Dr,Sterling Heights,MI,15367,Midwest,(422) 489-3022,Robert Thomas,2013-09-19,True,4385,5
LOC-0465,Lincare San Jose #3,4741 Health Rd,San Jose,CA,97205,Southeast,(987) 774-3540,Michael Rodriguez,2006-05-26,False,3111,32
LOC-0466,Lincare SC_City_1 #2,626 Elm Blvd,SC_City_1,SC,42601,Midwest,(894) 852-7328,Susan Gonzalez,2004-05-26,True,3974,43
LOC-0467,Lincare Grand Rapids #4,5383 Health Rd,Grand Rapids,MI,28242,West,(899) 986-4268,Sarah Jones,2018-09-03,True,3966,24
LOC-0468,Lincare CT_City_2 #4,9042 Oak Dr,CT_City_2,CT,67264,West,(298) 341-9627,Karen Hernandez,2022-08-07,True,7337,27
LOC-0469,Lincare Rochester #4,6989 Elm Dr,Rochester,NY,13627,Southwest,(772) 227-7896,Michael Jones,2013-07-25,True,6254,37
LOC-0470,Lincare MT_City_1 #5,9366 Pine St,MT_City_1,MT,61466,West,(328) 612-1097,Karen Taylor,2020-08-23,True,2193,8
LOC-0471,Lincare MD_City_3 #3,9837 Main Blvd,MD_City_3,MD,84113,Northeast,(693) 907-6428,Robert Brown,2022-11-30,True,1934,18
LOC-0472,Lincare OK_City_1 #4,2334 Oak Ave,OK_City_1,OK,49438,West,(843) 518-1105,Nancy Martin,2009-01-01,True,1500,14
LOC-0473,Lincare SD_City_1 #1,4150 Oak St,SD_City_1,SD,72094,West,(225) 717-8271,Maria Johnson,2005-06-18,True,5462,16
LOC-0474,Lincare LA_City_3 #5,7294 Health Rd,LA_City_3,LA,26147,Midwest,(642) 349-1354,Richard Jones,2010-10-18,True,7575,39
LOC-0475,Lincare IA_City_2 #3,4842 Market St,IA_City_2,IA,87170,Southwest,(704) 576-5508,Maria Gonzalez,2004-10-24,True,4980,14
LOC-0476,Lincare AZ_City_2 #1,9344 Elm St,AZ_City_2,AZ,86092,Southwest,(510) 234-8282,Robert Lopez,2006-04-01,True,7423,34
LOC-0477,Lincare MD_City_1 #3,8302 Health Rd,MD_City_1,MD,37627,Southeast,(557) 923-9602,Maria Taylor,2002-10-25,True,2740,27
LOC-0478,Lincare UT_City_3 #3,7628 Market Ave,UT_City_3,UT,46482,West,(980) 874-5963,Maria Williams,2021-09-12,True,5364,43
LOC-0479,Lincare VT_City_1 #5,8708 Pine Ave,VT_City_1,VT,52477,West,(802) 794-6703,Maria Williams,2002-01-06,True,7503,15
LOC-0480,Lincare KY_City_1 #1,8282 Market Dr,KY_City_1,KY,52422,Mid-Atlantic,(978) 437-4876,William Garcia,2017-03-24,True,4941,9
LOC-0481,Lincare Fresno #1,713 Health St,Fresno,CA,67872,Midwest,(981) 583-1482,Richard Hernandez,2004-10-29,True,4593,13
LOC-0482,Lincare Fort Worth #2,3306 Pine Dr,Fort Worth,TX,67345,West,(895) 492-4694,Joseph Garcia,2019-06-21,True,7971,17
LOC-0483,Lincare CT_City_3 #1,3434 Main Ave,CT_City_3,CT,10686,Northeast,(568) 992-7685,Margaret Williams,2015-04-14,True,7479,38
LOC-0484,Lincare ND_City_1 #2,9444 Health Dr,ND_City_1,ND,75647,Pacific,(560) 565-3258,Michael Anderson,2019-03-06,True,2080,41
LOC-0485,Lincare CT_City_1 #5,4986 Main St,CT_City_1,CT,75367,Pacific,(436) 252-9856,Linda Smith,2010-01-18,True,3874,21
LOC-0486,Lincare NE_City_3 #1,2686 Pine St,NE_City_3,NE,80047,Midwest,(789) 447-9482,Lisa Martinez,2017-11-27,True,5972,12
LOC-0487,Lincare SC_City_2 #1,628 Pine Dr,SC_City_2,SC,44194,Midwest,(405) 542-1973,David Miller,2014-10-14,True,6934,8
LOC-0488,Lincare LA_City_2 #5,679 Pine St,LA_City_2,LA,64557,Northeast,(812) 957-2320,Margaret Thomas,2005-10-22,True,1841,11
LOC-0489,Lincare AR_City_2 #2,5838 Elm Dr,AR_City_2,AR,49769,West,(433) 221-1906,James Miller,2017-01-06,True,7545,6
LOC-0490,Lincare Erie #4,6280 Market Ave,Erie,PA,66324,Northeast,(918) 637-3257,William Anderson,2005-04-17,True,4512,27
LOC-0491,Lincare IA_City_2 #1,4002 Oak St,IA_City_2,IA,87151,Southwest,(210) 432-7767,Margaret Jackson,2002-01-20,False,1622,20
LOC-0492,Lincare Los Angeles #2,7285 Oak Blvd,Los Angeles,CA,15730,Northeast,(521) 558-5001,Jennifer Jones,2017-11-04,True,2502,9
LOC-0493,Lincare CO_City_2 #2,8208 Market Blvd,CO_City_2,CO,38873,West,(654) 930-5959,Elizabeth Moore,2013-02-16,True,3500,38
LOC-0494,Lincare MD_City_2 #5,8348 Main St,MD_City_2,MD,55434,Mid-Atlantic,(620) 922-8966,Sarah Williams,2009-02-17,True,5767,19
LOC-0495,Lincare Ann Arbor #2,2111 Pine Ave,Ann Arbor,MI,14701,West,(440) 915-8213,Karen Brown,2000-12-14,True,1776,22
LOC-0496,Lincare MD_City_3 #3,1484 Main Blvd,MD_City_3,MD,89920,Southwest,(593) 707-1308,Maria Gonzalez,2019-12-01,True,3185,29
LOC-0497,Lincare IN_City_3 #5,956 Market Blvd,IN_City_3,IN,14103,Southwest,(754) 981-6698,James Martin,2015-01-30,True,3650,42
LOC-0498,Lincare KS_City_1 #5,7211 Health Dr,KS_City_1,KS,17486,Midwest,(311) 766-7358,Jennifer Moore,2020-10-16,True,7391,41
LOC-0499,Lincare OK_City_2 #4,7756 Market Ave,OK_City_2,OK,27284,Southeast,(215) 487-5495,Michael Davis,2013-04-08,True,4732,7
LOC-0500,Lincare TN_City_2 #3,4204 Health Rd,TN_City_2,TN,11617,Midwest,(327) 514-6259,Sarah Garcia,2019-11-28,True,5103,5
LOC-0501,Lincare New York #4,9219 Oak Dr,New York,NY,17678,Midwest,(793) 281-5529,Margaret Hernandez,2002-11-15,True,3613,22
LOC-0502,Lincare ME_City_2 #2,2958 Oak Rd,ME_City_2,ME,95980,Southeast,(250) 438-2875,Robert Garcia,2022-09-24,True,6250,25
LOC-0503,Lincare AR_City_3 #2,1096 Market Blvd,AR_City_3,AR,43743,Mid-Atlantic,(216) 894-6789,Margaret Johnson,2010-07-12,True,2134,37
LOC-0504,Lincare NM_City_1 #1,3982 Oak Blvd,NM_City_1,NM,84758,West,(580) 897-7815,Michael Wilson,2012-09-12,True,4175,43
LOC-0505,Lincare MT_City_2 #3,7811 Pine Rd,MT_City_2,MT,14083,Southwest,(364) 577-1730,Jennifer Jones,2001-02-22,True,3232,25
LOC-0506,Lincare Dayton #5,9627 Market Blvd,Dayton,OH,38163,Pacific,(587) 796-1534,David Gonzalez,2003-07-09,False,3339,41
LOC-0507,Lincare Akron #5,6949 Cedar St,Akron,OH,79174,Mid-Atlantic,(252) 821-8738,Lisa Taylor,2019-10-13,True,3097,41
LOC-0508,Lincare MA_City_1 #2,6030 Oak Dr,MA_City_1,MA,51263,Midwest,(966) 318-4949,Karen Wilson,2016-03-26,True,6091,37
LOC-0509,Lincare CO_City_2 #4,3874 Elm Dr,CO_City_2,CO,40115,Mid-Atlantic,(783) 328-9808,Thomas Wilson,2006-03-13,True,3850,26
LOC-0510,Lincare MN_City_1 #4,6998 Cedar Ave,MN_City_1,MN,85499,Northeast,(706) 847-4245,Richard Anderson,2000-09-11,True,4929,21
LOC-0511,Lincare Scranton #1,2170 Health St,Scranton,PA,66547,Southwest,(224) 906-3735,Michael Jones,2017-05-29,True,4402,13
LOC-0512,Lincare NV_City_3 #2,4906 Main Blvd,NV_City_3,NV,54124,West,(805) 823-2765,Robert Williams,2015-12-03,True,4849,45
LOC-0513,Lincare NM_City_3 #4,4839 Health Dr,NM_City_3,NM,27643,Pacific,(951) 387-9345,Michael Jones,2000-05-07,True,4530,34
LOC-0514,Lincare NE_City_2 #2,8434 Market Rd,NE_City_2,NE,46608,Southwest,(991) 299-4805,Jennifer Thomas,2015-04-20,True,5740,38
LOC-0515,Lincare SC_City_3 #4,4773 Pine Dr,SC_City_3,SC,51756,Pacific,(975) 382-3346,Robert Miller,2019-04-24,True,6211,44
LOC-0516,Lincare MN_City_1 #3,2813 Main Blvd,MN_City_1,MN,45893,Midwest,(698) 649-4664,Richard Martinez,2011-08-21,False,7672,11
LOC-0517,Lincare KY_City_3 #2,1672 Oak Rd,KY_City_3,KY,76676,Midwest,(972) 372-1448,Robert Moore,2008-10-02,True,1711,28
LOC-0518,Lincare KS_City_2 #4,7388 Cedar Ave,KS_City_2,KS,69486,West,(502) 312-2965,Karen Wilson,2022-02-15,True,2620,22
LOC-0519,Lincare WI_City_3 #3,1395 Market Ave,WI_City_3,WI,19745,Northeast,(534) 360-9307,Linda Rodriguez,2020-05-04,True,5701,9
LOC-0520,Lincare WV_City_3 #1,7200 Main Rd,WV_City_3,WV,51618,Midwest,(394) 771-1583,James Davis,2006-02-20,True,3303,17
LOC-0521,Lincare ME_City_2 #4,3165 Market Dr,ME_City_2,ME,47040,Southeast,(334) 403-2453,Lisa Miller,2000-02-22,True,5519,40
LOC-0522,Lincare TN_City_1 #2,735 Elm Blvd,TN_City_1,TN,90396,Mid-Atlantic,(589) 846-4845,Elizabeth Thomas,2008-01-29,True,3399,23
LOC-0523,Lincare VT_City_2 #4,9895 Pine Rd,VT_City_2,VT,73040,Southwest,(502) 298-4586,William Martinez,2018-10-27,False,4165,20
LOC-0524,Lincare VT_City_2 #2,7714 Pine St,VT_City_2,VT,55557,Northeast,(913) 607-3098,Nancy Thomas,2018-06-25,True,1737,23
LOC-0525,Lincare MD_City_3 #4,1096 Cedar Blvd,MD_City_3,MD,44289,Southeast,(891) 525-7737,Maria Anderson,2019-01-27,True,1947,22
LOC-0526,Lincare ND_City_3 #3,847 Pine Dr,ND_City_3,ND,63714,Southeast,(426) 786-3728,Margaret Miller,2004-12-12,True,6524,44
LOC-0527,Lincare MS_City_1 #5,426 Market St,MS_City_1,MS,59700,West,(292) 999-6460,Elizabeth Moore,2002-11-05,True,5748,18
LOC-0528,Lincare MT_City_3 #2,8876 Elm Ave,MT_City_3,MT,48035,Southeast,(365) 582-6431,Susan Miller,2011-02-26,True,1795,6
LOC-0529,Lincare OK_City_1 #4,8044 Main Ave,OK_City_1,OK,47105,West,(508) 224-4768,Thomas Johnson,2012-03-21,True,7922,29
LOC-0530,Lincare UT_City_2 #3,1491 Main St,UT_City_2,UT,76127,Southeast,(939) 920-7805,James Smith,2006-10-23,True,6318,30
LOC-0531,Lincare IA_City_3 #3,5403 Elm Rd,IA_City_3,IA,13071,Pacific,(509) 480-8518,Joseph Brown,2011-11-08,False,6220,35
LOC-0532,Lincare NE_City_2 #1,3741 Elm Rd,NE_City_2,NE,46511,Southwest,(694) 491-9736,Lisa Davis,2017-02-25,True,5571,30
LOC-0533,Lincare MT_City_3 #1,7509 Oak Rd,MT_City_3,MT,13262,Mid-Atlantic,(606) 989-4802,Karen Lopez,2021-05-21,True,6765,24
LOC-0534,Lincare MS_City_1 #1,1662 Cedar Ave,MS_City_1,MS,37221,Pacific,(701) 807-5095,Michael Jones,2018-01-31,True,5379,38
LOC-0535,Lincare WI_City_3 #2,1065 Health Dr,WI_City_3,WI,43033,Pacific,(621) 518-6535,David Johnson,2014-06-02,True,6404,31
LOC-0536,Lincare AL_City_2 #2,9314 Health Dr,AL_City_2,AL,81511,Mid-Atlantic,(711) 520-4862,Linda Anderson,2021-08-31,True,7559,10
LOC-0537,Lincare DE_City_2 #1,6255 Oak St,DE_City_2,DE,31245,Mid-Atlantic,(732) 966-2990,Richard Miller,2019-08-18,True,2431,7
LOC-0538,Lincare NJ_City_2 #5,8082 Oak Rd,NJ_City_2,NJ,64807,Southeast,(608) 209-5861,William Wilson,2013-03-13,True,7043,22
LOC-0539,Lincare OK_City_2 #3,9337 Market Ave,OK_City_2,OK,28548,West,(497) 735-4349,Elizabeth Taylor,2011-04-09,True,3225,26
LOC-0540,Lincare WY_City_3 #2,2790 Cedar Dr,WY_City_3,WY,11287,Pacific,(525) 626-3936,David Thomas,2003-01-03,False,1545,24
LOC-0541,Lincare WA_City_1 #1,8910 Elm Blvd,WA_City_1,WA,22414,Southeast,(262) 839-8679,Richard Williams,2015-09-20,True,3351,27
LOC-0542,Lincare Houston #3,4756 Health Dr,Houston,TX,86607,Southeast,(946) 513-7017,Maria Rodriguez,2009-02-01,True,2748,11
LOC-0543,Lincare WI_City_1 #2,4407 Cedar St,WI_City_1,WI,26607,Midwest,(734) 801-7274,Linda Jackson,2012-06-08,False,7539,44
LOC-0544,Lincare VT_City_2 #2,143 Health Ave,VT_City_2,VT,38369,Southeast,(293) 829-3400,David Garcia,2021-04-30,True,4148,9
LOC-0545,Lincare San Diego #4,7069 Market Dr,San Diego,CA,52872,West,(509) 712-2921,Thomas Moore,2017-08-21,True,4658,35
LOC-0546,Lincare MO_City_2 #5,5293 Cedar St,MO_City_2,MO,89348,Pacific,(419) 370-5550,David Wilson,2019-10-23,True,7963,21
LOC-0547,Lincare VA_City_1 #4,5804 Oak St,VA_City_1,VA,57931,West,(677) 989-6668,Susan Miller,2008-07-26,True,2966,5
LOC-0548,Lincare IA_City_2 #5,3293 Main Rd,IA_City_2,IA,50683,Midwest,(536) 296-7043,Sarah Taylor,2000-07-31,True,1774,22
LOC-0549,Lincare UT_City_2 #1,4245 Pine St,UT_City_2,UT,84996,Southwest,(231) 935-8713,Karen Thomas,2007-10-18,True,6804,39
LOC-0550,Lincare DE_City_1 #1,2609 Market Ave,DE_City_1,DE,27255,Midwest,(284) 629-2956,Robert Anderson,2002-10-18,True,5957,22
LOC-0551,Lincare IA_City_3 #1,5550 Health Blvd,IA_City_3,IA,32179,West,(800) 939-7000,Lisa Smith,2018-01-31,True,6969,8
LOC-0552,Lincare CO_City_1 #5,2516 Market Blvd,CO_City_1,CO,21005,Pacific,(376) 654-1729,Sarah Martin,2008-11-29,True,4852,16
LOC-0553,Lincare El Paso #1,5198 Pine Rd,El Paso,TX,55964,Pacific,(320) 549-8639,Michael Jackson,2020-10-07,True,2241,16
LOC-0554,Lincare WI_City_1 #3,9785 Market St,WI_City_1,WI,32195,Southeast,(210) 422-7136,Karen Williams,2011-01-25,True,7077,17
LOC-0555,Lincare WY_City_3 #3,973 Elm Blvd,WY_City_3,WY,33331,Southeast,(485) 343-6169,Susan Davis,2008-06-11,True,3132,16
LOC-0556,Lincare MA_City_2 #4,4434 Main Dr,MA_City_2,MA,56550,Mid-Atlantic,(792) 572-6715,Lisa Anderson,2007-08-25,True,6294,29
LOC-0557,Lincare ID_City_3 #2,7208 Pine Blvd,ID_City_3,ID,37190,West,(550) 916-9253,Margaret Rodriguez,2004-01-26,True,3226,21
LOC-0558,Lincare KS_City_2 #1,1989 Cedar Ave,KS_City_2,KS,72286,Midwest,(343) 678-6291,Elizabeth Jackson,2016-12-13,True,1777,25
LOC-0559,Lincare WA_City_1 #3,229 Oak Dr,WA_City_1,WA,72324,Mid-Atlantic,(542) 544-2641,Richard Lopez,2013-09-27,True,5979,16
LOC-0560,Lincare AZ_City_2 #5,7578 Cedar Rd,AZ_City_2,AZ,67012,Pacific,(948) 608-8759,Thomas Rodriguez,2016-09-27,True,5453,30
LOC-0561,Lincare Detroit #5,1867 Elm Dr,Detroit,MI,45305,Southeast,(791) 610-1467,Richard Taylor,2007-06-19,True,6389,38
LOC-0562,Lincare IA_City_3 #2,2228 Market Blvd,IA_City_3,IA,17051,Pacific,(292) 516-3317,Elizabeth Anderson,2017-10-05,True,1506,14
LOC-0563,Lincare IA_City_1 #3,1416 Oak Ave,IA_City_1,IA,36649,Midwest,(647) 292-5009,David Moore,2016-10-14,True,2805,27
LOC-0564,Lincare DE_City_2 #4,3581 Elm Dr,DE_City_2,DE,70749,West,(923) 448-2569,Maria Jones,2014-04-12,True,2593,30
LOC-0565,Lincare MN_City_2 #4,9880 Elm Rd,MN_City_2,MN,19392,Pacific,(555) 700-1440,Thomas Martin,2007-12-28,True,4523,28
LOC-0566,Lincare MS_City_3 #1,9916 Health Dr,MS_City_3,MS,20127,Pacific,(861) 435-3262,Nancy Miller,2001-12-25,True,5066,10
LOC-0567,Lincare MS_City_2 #2,7074 Oak Blvd,MS_City_2,MS,50775,Mid-Atlantic,(596) 891-8875,Robert Rodriguez,2018-12-01,True,4762,38
LOC-0568,Lincare DE_City_2 #1,5773 Market St,DE_City_2,DE,95966,Pacific,(614) 212-3635,Linda Jones,2022-09-28,True,5224,5
LOC-0569,Lincare ND_City_3 #4,7021 Health St,ND_City_3,ND,49708,Mid-Atlantic,(635) 464-2899,Karen Taylor,2016-09-21,True,7332,26
LOC-0570,Lincare OR_City_2 #2,7047 Cedar Dr,OR_City_2,OR,98436,Northeast,(281) 353-1113,Linda Jackson,2011-07-26,True,6534,34
LOC-0571,Lincare NJ_City_1 #3,752 Main Dr,NJ_City_1,NJ,70325,Southwest,(575) 251-7050,Sarah Wilson,2015-02-19,True,7781,6
LOC-0572,Lincare OR_City_2 #3,5947 Elm St,OR_City_2,OR,68559,Southeast,(532) 504-1583,William Lopez,2001-08-22,True,4745,20
LOC-0573,Lincare IN_City_1 #1,2165 Market Ave,IN_City_1,IN,92958,West,(705) 641-5500,Elizabeth Anderson,2010-12-13,True,7502,38
LOC-0574,Lincare RI_City_2 #1,5450 Pine St,RI_City_2,RI,29234,Northeast,(823) 941-2656,Maria Taylor,2003-07-14,True,6716,24
LOC-0575,Lincare NJ_City_2 #2,4308 Market St,NJ_City_2,NJ,66811,Northeast,(319) 396-5275,Jennifer Martin,2010-12-07,True,1900,28
LOC-0576,Lincare RI_City_2 #4,4602 Market Ave,RI_City_2,RI,46287,Southeast,(713) 887-1749,Maria Garcia,2012-10-12,True,4835,18
LOC-0577,Lincare AZ_City_2 #2,4601 Pine Dr,AZ_City_2,AZ,88522,Mid-Atlantic,(850) 525-2591,Thomas Davis,2000-10-23,True,3310,9
LOC-0578,Lincare TN_City_2 #5,7647 Cedar Dr,TN_City_2,TN,93200,Mid-Atlantic,(809) 536-9871,Maria Thomas,2000-07-24,True,4118,27
LOC-0579,Lincare NM_City_1 #4,3551 Cedar Ave,NM_City_1,NM,98209,Southwest,(599) 461-7601,Robert Jackson,2003-07-11,True,6098,27
LOC-0580,Lincare CT_City_1 #5,6148 Pine Blvd,CT_City_1,CT,51331,Mid-Atlantic,(662) 890-8657,James Jones,2007-06-24,True,6127,32
LOC-0581,Lincare NH_City_1 #3,9216 Market Dr,NH_City_1,NH,40765,Pacific,(584) 750-3157,Maria Martin,2005-07-16,True,3288,18
LOC-0582,Lincare Ft Lauderdale #2,2706 Health Dr,Ft Lauderdale,FL,82098,Midwest,(618) 560-4567,Susan Martin,2012-07-05,True,4475,45
LOC-0583,Lincare DE_City_3 #3,8329 Cedar Rd,DE_City_3,DE,61402,Mid-Atlantic,(430) 613-9107,Karen Martinez,2020-02-28,True,2955,30
LOC-0584,Lincare MA_City_1 #3,7702 Market Ave,MA_City_1,MA,99568,West,(300) 592-7850,Susan Wilson,2008-06-21,True,6569,19
LOC-0585,Lincare Macon #5,1419 Cedar Rd,Macon,GA,63578,West,(223) 532-5095,Richard Jackson,2021-03-02,True,4533,6
LOC-0586,Lincare WY_City_3 #4,9144 Cedar Ave,WY_City_3,WY,31152,Pacific,(668) 577-4920,Richard Thomas,2008-12-17,True,3900,9
LOC-0587,Lincare AZ_City_1 #4,7623 Oak Rd,AZ_City_1,AZ,68150,West,(447) 381-8559,Lisa Brown,2014-11-10,True,2804,20
LOC-0588,Lincare Yonkers #1,629 Market Dr,Yonkers,NY,78126,Northeast,(681) 594-2152,Susan Rodriguez,2005-06-05,True,6472,39
LOC-0589,Lincare WV_City_1 #4,1079 Pine Dr,WV_City_1,WV,15230,Southwest,(572) 609-9381,Karen Wilson,2005-07-25,True,3650,42
LOC-0590,Lincare Clearwater #3,6864 Market Blvd,Clearwater,FL,28605,Southeast,(448) 694-4442,Sarah Brown,2014-10-21,True,2106,34
LOC-0591,Lincare WV_City_2 #2,4359 Pine Blvd,WV_City_2,WV,68284,Pacific,(538) 661-5225,Sarah Martin,2001-08-08,True,2712,38
LOC-0592,Lincare MA_City_1 #3,9333 Pine Blvd,MA_City_1,MA,50194,Southeast,(933) 362-5992,Nancy Anderson,2013-03-24,True,7194,13
LOC-0593,Lincare ID_City_3 #4,4315 Market Ave,ID_City_3,ID,13670,Midwest,(416) 797-5963,David Jackson,2000-07-16,True,7407,37
LOC-0594,Lincare WY_City_3 #4,2891 Pine Ave,WY_City_3,WY,86957,Southwest,(713) 521-9574,Elizabeth Gonzalez,2021-10-07,True,5802,35
LOC-0595,Lincare IN_City_2 #1,1160 Pine Ave,IN_City_2,IN,50541,Southwest,(411) 429-3459,Sarah Martin,2005-05-13,True,4420,36
LOC-0596,Lincare Syracuse #1,8687 Oak Ave,Syracuse,NY,57652,Mid-Atlantic,(880) 233-7528,William Hernandez,2022-10-05,True,6032,39
LOC-0597,Lincare WY_City_3 #1,1017 Elm Rd,WY_City_3,WY,78543,Pacific,(453) 450-5195,Richard Davis,2010-03-30,True,5236,16
LOC-0598,Lincare AR_City_3 #5,4646 Main Ave,AR_City_3,AR,18345,Midwest,(335) 735-5960,Robert Miller,2010-03-17,True,7739,42
LOC-0599,Lincare Greensboro #5,936 Pine St,Greensboro,NC,35745,Northeast,(689) 319-8240,Michael Thomas,2008-11-08,True,6328,18
LOC-0600,Lincare SD_City_2 #5,257 Cedar Dr,SD_City_2,SD,24617,Midwest,(937) 653-4191,Karen Smith,2011-04-17,True,6426,22
LOC-0601,Lincare ND_City_3 #3,8411 Elm Rd,ND_City_3,ND,47192,Southeast,(860) 506-5328,Margaret Davis,2015-04-21,True,6097,37
LOC-0602,Lincare Ann Arbor #1,3084 Elm St,Ann Arbor,MI,51839,Southwest,(721) 681-9122,Richard Garcia,2002-12-10,True,7013,24
LOC-0603,Lincare DE_City_2 #5,3092 Oak St,DE_City_2,DE,40382,Midwest,(418) 514-9221,Jennifer Hernandez,2021-03-02,True,3958,44
LOC-0604,Lincare KS_City_3 #2,5404 Oak Ave,KS_City_3,KS,61935,Mid-Atlantic,(375) 361-3574,Linda Taylor,2021-04-02,True,7961,31
LOC-0605,Lincare WI_City_2 #3,7832 Health Blvd,WI_City_2,WI,58600,Southeast,(348) 513-6467,Elizabeth Hernandez,2020-03-04,True,6114,30
LOC-0606,Lincare NH_City_1 #4,1006 Elm Blvd,NH_City_1,NH,94645,Pacific,(343) 667-5492,James Miller,2009-05-10,True,3596,23
LOC-0607,Lincare MT_City_1 #4,6365 Pine Rd,MT_City_1,MT,83396,Midwest,(956) 404-4522,Lisa Anderson,2012-04-15,True,3491,15
LOC-0608,Lincare MN_City_3 #5,7798 Main Dr,MN_City_3,MN,73837,Southwest,(455) 486-7144,Robert Brown,2002-07-08,True,3761,39
LOC-0609,Lincare MT_City_2 #1,7830 Oak St,MT_City_2,MT,52538,Midwest,(993) 950-7779,David Jones,2013-05-28,True,6102,10
LOC-0610,Lincare NM_City_1 #5,9055 Health Blvd,NM_City_1,NM,82964,Midwest,(743) 498-1358,David Williams,2014-01-30,False,4459,33
LOC-0611,Lincare WY_City_1 #3,7773 Oak Dr,WY_City_1,WY,57474,Southeast,(541) 403-5243,Sarah Martin,2001-01-14,True,6761,31
LOC-0612,Lincare NJ_City_2 #4,886 Health Rd,NJ_City_2,NJ,17901,Pacific,(724) 582-1265,Susan Johnson,2022-08-14,True,4179,39
LOC-0613,Lincare ND_City_2 #3,1199 Market St,ND_City_2,ND,84095,West,(294) 771-2840,Margaret Garcia,2003-12-08,True,5337,44
LOC-0614,Lincare UT_City_1 #1,7160 Health Blvd,UT_City_1,UT,71042,Pacific,(662) 956-3493,Linda Williams,2008-02-24,True,4283,34
LOC-0615,Lincare OK_City_3 #4,451 Elm Rd,OK_City_3,OK,48510,Mid-Atlantic,(206) 838-7388,James Smith,2010-02-07,True,2732,21
LOC-0616,Lincare KY_City_3 #3,8822 Elm Ave,KY_City_3,KY,85292,Mid-Atlantic,(563) 932-3500,Joseph Jones,2009-03-31,True,2326,6
LOC-0617,Lincare OR_City_3 #1,2186 Cedar Blvd,OR_City_3,OR,19078,Pacific,(535) 522-4770,Joseph Miller,2013-08-03,True,3720,19
LOC-0618,Lincare KS_City_2 #2,7303 Main Dr,KS_City_2,KS,13332,Northeast,(654) 961-4417,Maria Johnson,2020-01-16,True,3127,18
LOC-0619,Lincare NE_City_3 #1,1621 Oak Rd,NE_City_3,NE,85799,Pacific,(941) 728-2993,Richard Miller,2005-05-25,True,7567,43
LOC-0620,Lincare MO_City_3 #4,3229 Oak St,MO_City_3,MO,76441,Midwest,(568) 689-5182,Lisa Brown,2020-06-30,True,4613,31
LOC-0621,Lincare NV_City_1 #3,5178 Health St,NV_City_1,NV,66904,Midwest,(867) 507-4757,Michael Gonzalez,2021-02-21,True,3750,25
LOC-0622,Lincare AR_City_1 #2,3005 Cedar St,AR_City_1,AR,26770,Pacific,(731) 359-3297,Nancy Johnson,2002-09-29,True,3218,23
LOC-0623,Lincare MT_City_3 #2,6968 Oak Ave,MT_City_3,MT,77973,Southwest,(355) 959-3975,Elizabeth Brown,2007-04-14,True,3171,24
LOC-0624,Lincare NV_City_3 #3,5360 Main St,NV_City_3,NV,53461,Midwest,(229) 681-1560,David Wilson,2002-01-31,True,7746,43
LOC-0625,Lincare WI_City_3 #2,1740 Main Blvd,WI_City_3,WI,39189,Southeast,(294) 629-2086,William Thomas,2020-10-31,False,5896,33
LOC-0626,Lincare Macon #1,5202 Elm Dr,Macon,GA,43667,Pacific,(331) 530-9847,Elizabeth Martin,2004-04-28,True,7633,41
LOC-0627,Lincare IA_City_1 #5,2226 Health Ave,IA_City_1,IA,39563,Southeast,(875) 284-2553,Maria Martinez,2004-09-20,True,3553,16
LOC-0628,Lincare WI_City_3 #3,7671 Market Rd,WI_City_3,WI,78146,Midwest,(729) 791-5370,David Hernandez,2018-12-06,True,2689,42
LOC-0629,Lincare WY_City_1 #4,886 Health Ave,WY_City_1,WY,33877,Mid-Atlantic,(214) 346-1558,Thomas Garcia,2017-10-18,True,6186,35
LOC-0630,Lincare Durham #5,6746 Elm Ave,Durham,NC,69400,Southeast,(836) 469-9943,Karen Brown,2012-07-12,True,5714,26
LOC-0631,Lincare MS_City_1 #3,8084 Health Rd,MS_City_1,MS,69810,Midwest,(879) 298-6609,Lisa Rodriguez,2002-10-31,True,4994,6
LOC-0632,Lincare OR_City_1 #2,7594 Health St,OR_City_1,OR,25765,Northeast,(763) 929-5844,David Lopez,2013-10-09,True,6032,10
LOC-0633,Lincare Cleveland #5,3292 Oak Ave,Cleveland,OH,12191,Southwest,(403) 951-6798,Lisa Martin,2006-10-22,True,5846,38
LOC-0634,Lincare Fresno #5,3875 Market Rd,Fresno,CA,31856,Midwest,(583) 362-2640,Richard Martin,2010-02-24,True,7653,14
LOC-0635,Lincare OR_City_3 #2,4661 Main Dr,OR_City_3,OR,48862,Southwest,(599) 734-7901,Nancy Anderson,2014-06-10,True,3957,5
LOC-0636,Lincare CO_City_2 #5,5205 Oak Rd,CO_City_2,CO,87854,Mid-Atlantic,(268) 260-7723,David Jones,2021-07-28,True,7763,20
LOC-0637,Lincare NV_City_1 #4,6506 Cedar Ave,NV_City_1,NV,42580,Mid-Atlantic,(558) 272-4707,Sarah Jones,2018-01-03,True,7559,42
LOC-0638,Lincare VA_City_1 #4,2433 Market Blvd,VA_City_1,VA,52922,Southeast,(211) 852-2921,Lisa Martinez,2004-08-08,True,6402,35
LOC-0639,Lincare KY_City_3 #3,2145 Cedar Rd,KY_City_3,KY,69554,Southwest,(357) 272-6593,Sarah Johnson,2017-02-10,True,3592,12
LOC-0640,Lincare San Antonio #5,2859 Market Dr,San Antonio,TX,48155,Southwest,(430) 735-2688,Michael Martin,2016-04-06,True,6946,36
LOC-0641,Lincare WA_City_2 #1,1823 Health Blvd,WA_City_2,WA,46158,Southwest,(457) 855-9320,Linda Wilson,2011-04-09,False,2180,5
LOC-0642,Lincare DE_City_3 #4,4077 Cedar Dr,DE_City_3,DE,39017,Pacific,(805) 644-5354,William Thomas,2016-11-09,True,6968,29
LOC-0643,Lincare AR_City_3 #5,1715 Cedar St,AR_City_3,AR,25397,Northeast,(982) 444-6909,Susan Gonzalez,2001-10-15,True,7956,33
LOC-0644,Lincare Syracuse #5,710 Elm Dr,Syracuse,NY,97696,Pacific,(226) 421-3961,James Hernandez,2004-06-06,True,4876,6
LOC-0645,Lincare WI_City_2 #3,5975 Health Blvd,WI_City_2,WI,56186,Pacific,(454) 483-8307,Robert Hernandez,2020-07-21,True,6700,21
LOC-0646,Lincare Aurora #5,5373 Market Dr,Aurora,IL,55683,West,(999) 376-9189,Michael Hernandez,2015-10-12,True,7560,19
LOC-0647,Lincare MN_City_2 #1,6752 Pine Rd,MN_City_2,MN,75168,Northeast,(854) 390-7270,Joseph Rodriguez,2021-10-10,True,5086,28
LOC-0648,Lincare Aurora #1,1926 Oak Rd,Aurora,IL,50701,Midwest,(718) 917-5853,Margaret Moore,2007-12-24,True,7198,9
LOC-0649,Lincare IA_City_1 #5,6729 Health Blvd,IA_City_1,IA,29105,Northeast,(933) 548-9729,Elizabeth Gonzalez,2005-12-19,True,2348,23
LOC-0650,Lincare TN_City_3 #3,3783 Elm St,TN_City_3,TN,42231,Northeast,(761) 358-5485,James Thomas,2010-01-25,True,3293,20
LOC-0651,Lincare KY_City_2 #2,2481 Main Blvd,KY_City_2,KY,41939,Mid-Atlantic,(221) 826-8917,Karen Wilson,2008-08-15,True,5748,42
LOC-0652,Lincare NV_City_3 #4,4384 Market Blvd,NV_City_3,NV,44544,West,(641) 579-6972,Thomas Hernandez,2016-01-07,True,7178,13
LOC-0653,Lincare MN_City_3 #5,9585 Oak St,MN_City_3,MN,76512,Southeast,(925) 687-9771,Linda Brown,2010-03-21,True,7378,40
LOC-0654,Lincare KY_City_2 #5,971 Elm Rd,KY_City_2,KY,67392,Midwest,(709) 805-8146,Michael Garcia,2000-12-28,True,6079,8
LOC-0655,Lincare MO_City_2 #2,1144 Market Blvd,MO_City_2,MO,18573,Pacific,(936) 482-5128,James Martin,2022-01-06,True,7761,13
LOC-0656,Lincare NV_City_1 #4,5176 Cedar Blvd,NV_City_1,NV,53323,Mid-Atlantic,(438) 783-9322,Susan Jones,2014-02-08,True,6493,8
LOC-0657,Lincare WV_City_2 #1,1263 Cedar St,WV_City_2,WV,79438,West,(623) 947-3641,Joseph Davis,2008-01-17,True,1741,36
LOC-0658,Lincare WI_City_1 #1,1642 Elm Rd,WI_City_1,WI,99830,Midwest,(596) 617-7247,Nancy Jones,2015-05-26,True,4049,27
LOC-0659,Lincare IN_City_3 #3,8286 Main Ave,IN_City_3,IN,44144,Southwest,(611) 405-4713,Elizabeth Williams,2015-03-28,True,2270,38
LOC-0660,Lincare ME_City_1 #1,9227 Main Blvd,ME_City_1,ME,22516,West,(372) 201-9669,James Smith,2014-08-30,True,1726,41
LOC-0661,Lincare RI_City_2 #1,2924 Oak Rd,RI_City_2,RI,75300,Pacific,(386) 748-4577,Elizabeth Brown,2006-12-09,True,6202,16
LOC-0662,Lincare NM_City_3 #2,8412 Oak Dr,NM_City_3,NM,13976,Pacific,(837) 239-9807,William Martinez,2013-01-26,True,7095,16
LOC-0663,Lincare SC_City_3 #1,8253 Oak Rd,SC_City_3,SC,30349,Southeast,(827) 545-8449,Margaret Gonzalez,2020-02-03,True,6978,40
LOC-0664,Lincare CO_City_2 #3,2416 Oak Dr,CO_City_2,CO,34686,Southeast,(613) 242-6870,Robert Thomas,2004-06-06,True,2245,25
LOC-0665,Lincare OK_City_3 #5,8647 Elm Rd,OK_City_3,OK,94305,West,(405) 489-6248,David Anderson,2008-11-18,True,6630,32
LOC-0666,Lincare NV_City_2 #1,8135 Main Dr,NV_City_2,NV,23673,Southwest,(529) 774-8931,Maria Martinez,2022-04-27,False,7813,23
LOC-0667,Lincare VA_City_3 #5,782 Oak St,VA_City_3,VA,50254,Northeast,(801) 965-9893,Richard Hernandez,2002-02-24,True,1886,24
LOC-0668,Lincare NE_City_1 #5,959 Health Dr,NE_City_1,NE,76633,Midwest,(736) 382-9335,Elizabeth Johnson,2009-08-15,True,3021,19
LOC-0669,Lincare WV_City_2 #2,8214 Oak Rd,WV_City_2,WV,93941,Northeast,(827) 215-1741,Maria Miller,2005-03-20,True,1538,20
LOC-0670,Lincare VT_City_2 #4,3841 Pine Dr,VT_City_2,VT,15866,Southeast,(359) 345-5033,Sarah Wilson,2013-11-22,True,6852,22
LOC-0671,Lincare NH_City_3 #4,6877 Elm Blvd,NH_City_3,NH,34837,Northeast,(997) 699-5152,James Gonzalez,2001-11-15,True,5179,13
LOC-0672,Lincare VT_City_3 #1,1974 Main Ave,VT_City_3,VT,74033,Southeast,(268) 387-9797,Linda Garcia,2011-07-04,False,7357,30
LOC-0673,Lincare MA_City_3 #3,9440 Pine St,MA_City_3,MA,25650,Midwest,(604) 406-2417,Margaret Thomas,2009-01-02,True,1792,35
LOC-0674,Lincare Charlotte #2,723 Health Dr,Charlotte,NC,34179,Northeast,(285) 980-2104,Thomas Wilson,2016-08-20,True,2669,33
LOC-0675,Lincare SD_City_1 #5,3196 Health Ave,SD_City_1,SD,51670,Mid-Atlantic,(244) 782-1232,David Hernandez,2011-04-02,True,4368,34
LOC-0676,Lincare IA_City_3 #4,6326 Oak Blvd,IA_City_3,IA,76269,Northeast,(265) 430-4014,Joseph Hernandez,2019-09-08,True,5108,9
LOC-0677,Lincare LA_City_3 #3,9223 Oak Ave,LA_City_3,LA,81712,West,(525) 258-2824,Michael Wilson,2000-10-13,True,2891,25
LOC-0678,Lincare MT_City_1 #1,3928 Main Dr,MT_City_1,MT,10448,Southeast,(776) 259-7349,William Davis,2001-07-30,True,2105,6
LOC-0679,Lincare UT_City_2 #4,4727 Market Rd,UT_City_2,UT,60694,West,(660) 966-4893,Nancy Martin,2011-03-20,True,6715,34
LOC-0680,Lincare Raleigh #5,6000 Oak Ave,Raleigh,NC,47599,Southwest,(852) 948-3856,Maria Rodriguez,2007-03-11,True,1671,32
LOC-0681,Lincare Grand Rapids #4,6823 Market Rd,Grand Rapids,MI,39751,Northeast,(611) 328-6782,Joseph Gonzalez,2018-11-21,True,5273,33
LOC-0682,Lincare NM_City_2 #3,5634 Pine Dr,NM_City_2,NM,27447,Southwest,(940) 742-4373,Thomas Miller,2008-07-25,True,7474,44
LOC-0683,Lincare MT_City_2 #4,6240 Market Blvd,MT_City_2,MT,37985,West,(602) 344-8704,William Moore,2020-04-15,True,7845,44
LOC-0684,Lincare NH_City_1 #2,5632 Cedar Ave,NH_City_1,NH,96461,Southeast,(593) 729-8074,Richard Anderson,2001-01-25,True,4661,41
LOC-0685,Lincare VT_City_1 #5,2653 Market Dr,VT_City_1,VT,85375,Midwest,(402) 354-7738,Linda Anderson,2011-01-08,True,2569,36
LOC-0686,Lincare MN_City_3 #5,8793 Market St,MN_City_3,MN,98629,Pacific,(299) 266-2404,James Smith,2002-05-14,True,2236,25
LOC-0687,Lincare MO_City_1 #2,3589 Pine St,MO_City_1,MO,57571,Mid-Atlantic,(838) 523-8317,Nancy Hernandez,2007-11-10,True,2331,40
LOC-0688,Lincare Aurora #4,2040 Cedar Rd,Aurora,IL,63697,Southeast,(362) 775-8693,Sarah Davis,2005-01-31,True,2701,33
LOC-0689,Lincare DE_City_1 #4,7846 Elm Dr,DE_City_1,DE,32342,Southeast,(985) 220-6937,Karen Jackson,2008-02-27,True,1662,36
LOC-0690,Lincare VT_City_3 #3,1492 Pine St,VT_City_3,VT,33230,Midwest,(338) 839-5916,Maria Jones,2004-12-23,False,7979,17
LOC-0691,Lincare Austin #1,5911 Cedar Dr,Austin,TX,12091,Midwest,(836) 804-7844,Richard Lopez,2011-05-03,True,3795,38
LOC-0692,Lincare AZ_City_2 #2,952 Market Ave,AZ_City_2,AZ,50191,Midwest,(469) 659-8093,Linda Johnson,2012-03-28,True,7723,34
LOC-0693,Lincare VT_City_1 #5,614 Oak Rd,VT_City_1,VT,11399,Midwest,(952) 787-1314,Jennifer Gonzalez,2008-12-14,True,4613,29
LOC-0694,Lincare AR_City_3 #3,6246 Pine Blvd,AR_City_3,AR,77185,Mid-Atlantic,(634) 616-6605,David Lopez,2011-09-25,True,5504,23
LOC-0695,Lincare MD_City_1 #1,5320 Health Rd,MD_City_1,MD,24879,Southwest,(223) 331-2753,Thomas Williams,2007-12-11,True,2761,41
LOC-0696,Lincare LA_City_1 #1,258 Market St,LA_City_1,LA,54713,Pacific,(832) 272-3559,Karen Hernandez,2004-09-29,True,1960,13
LOC-0697,Lincare IA_City_3 #2,1602 Market St,IA_City_3,IA,10503,Northeast,(643) 902-4818,Joseph Johnson,2003-07-25,True,6623,38
LOC-0698,Lincare IA_City_2 #2,8215 Cedar Ave,IA_City_2,IA,71500,Pacific,(494) 949-2003,Karen Garcia,2022-10-08,True,2940,17
LOC-0699,Lincare ME_City_1 #5,3202 Market St,ME_City_1,ME,19932,West,(392) 391-6265,Thomas Garcia,2017-09-14,True,6352,23
LOC-0700,Lincare SD_City_2 #3,3675 Elm Blvd,SD_City_2,SD,55188,West,(953) 446-9692,James Rodriguez,2012-08-16,True,2029,8
